id,domain,status,purchase_price,renewal_price,attractiveness,demand,length,registrar,created_at,expires_at,status_verified_at
4d7d52c3-321a-456a-a82b-5acd935a8beb,punctured.fm,available,69.98,118.98,medium,low,9,namecheap,,,08/09/2026 16:56
23e30dc8-a14e-4e31-9b98-5f01d1aa0f04,jordanian.fm,available,69.98,118.98,high,low,9,namecheap,,,22/08/2026 14:01
abc00c93-20a7-4f66-964b-d4ec452c84e3,slowest.fm,available,69.98,118.98,medium,low,7,namecheap,,,16/09/2026 02:44
35d5b2d4-d9ee-4fe8-a196-bf1dbc1bf4f8,washout.fm,available,69.98,118.98,medium,low,7,namecheap,,,14/08/2026 20:57
4bc8ad3b-d2a9-4599-ad36-8de4cfdbe09c,ballyhoo.fm,available,69.98,118.98,high,low,8,namecheap,,,21/09/2026 23:32
bebf39ee-d144-4e04-bf75-20df7933612c,clocks.fm,available,88.99,88.99,high,low,6,namesilo,,,18/09/2026 06:14
3305884b-6081-495c-b30c-0b756ad98633,authorised.fm,available,88.99,88.99,high,low,10,namesilo,,,22/09/2026 13:51
c95c49ec-fa84-4c32-9aa2-c401d637bd66,candid.fm,premium,243.75,160.99,high,low,6,name.com,,,11/08/2026 16:40
03e13c75-0852-4331-84c3-42a31b3c06f8,reeder.fm,available,85,85,high,low,6,cloudflare,,,02/10/2026 19:06
339ea120-4f36-4ef4-ba10-b622b0fafa7a,patton.fm,available,88.99,88.99,high,low,6,namesilo,,,25/09/2026 16:06
2cfc48eb-cdc0-4775-bb7d-bc8c86fb7251,contributed.fm,available,85,85,medium,low,11,cloudflare,,,29/09/2026 17:13
4d015bf4-9d36-4682-8d4b-9bd8450937de,persuasion.fm,premium,201.83,87.98,high,low,10,spaceship,,,30/09/2026 02:24
d530dba2-f0c5-428a-bceb-c95027b40f79,approximate.fm,available,88.99,88.99,high,low,11,namesilo,,,29/09/2026 08:31
a419a642-7703-4193-9d60-db13b3e84bb8,turmoil.fm,available,85,85,medium,low,7,cloudflare,,,29/09/2026 19:12
4a2d89f1-858f-4604-9b0a-c52a1756cf56,echoic.fm,available,69.98,118.98,medium,low,6,namecheap,,,14/08/2026 23:34
54d21564-ab29-4e8d-b343-341e933e8b73,misprint.fm,available,69.98,118.98,medium,low,8,namecheap,,,24/08/2026 02:49
eb292537-6151-478b-8f5a-efa99bda8c7e,difference.fm,available,67.98,87.72,high,low,10,spaceship,,,29/09/2026 14:33
5b11e04b-09b9-4dba-9ced-a2397564fc85,noaa.fm,available,67.98,87.72,high,low,4,spaceship,,,28/09/2026 02:28
7284ad12-50c0-4289-ada3-a580d8a4ce3a,cheering.fm,available,69.98,118.98,high,low,8,namecheap,,,12/08/2026 03:45
940eac20-1f43-45fb-8852-45f619ad04b2,resurrection.fm,available,88.99,88.99,high,low,12,namesilo,,,28/09/2026 16:51
f2052f62-a9a7-460d-b2b7-37efc77ebffe,formerly.fm,available,88.99,88.99,medium,low,8,namesilo,,,24/09/2026 15:13
fa578928-f8e8-4452-99dd-6ac4476e79bd,conditions.fm,available,88.99,88.99,high,low,10,namesilo,,,28/09/2026 10:19
67dc07c1-0839-4435-b09a-2fab4a1085d9,pyramidic.fm,available,69.98,118.98,medium,low,9,namecheap,,,09/09/2026 06:57
f0bc9e77-c8ce-4538-addf-5318b5e71b0a,spectacled.fm,available,69.98,118.98,medium,low,10,namecheap,,,09/08/2026 17:20
63b9cf07-0194-4e36-901e-7651beeef928,bihari.fm,available,88.99,88.99,medium,low,6,namesilo,,,23/09/2026 15:31
416c1996-2095-46b9-8876-75d6486a1418,maneuvering.fm,available,85,85,high,low,11,cloudflare,,,01/10/2026 23:02
98513685-d464-4887-a569-d5e0c463c773,staffordshire.fm,available,88.99,88.99,medium,low,13,namesilo,,,28/09/2026 11:53
59fd84cb-d381-4ca6-94e0-e59297cf0f7d,habitually.fm,available,69.98,118.98,medium,low,10,namecheap,,,14/09/2026 22:45
e7cc48c7-afa6-4ca6-94ea-1d2df3d6b2d7,missy.fm,available,88.99,88.99,high,low,5,namesilo,,,02/10/2026 04:51
64324d37-a14e-4669-aa10-0d7b02db2080,mercurial.fm,available,69.98,118.98,high,low,9,namecheap,,,17/08/2026 12:50
bddc30f8-dbdc-4c82-b6b7-70e3ff791aa0,sheryl.fm,available,67.98,87.72,medium,low,6,spaceship,,,02/10/2026 00:13
0508c42e-3c0e-44b3-a4e6-6780bd613ab5,coughing.fm,available,67.98,87.72,medium,low,8,spaceship,,,29/09/2026 18:29
034c6d39-b22b-461c-bf49-47708841a59f,cong.fm,available,85,85,high,low,4,cloudflare,,,01/10/2026 07:59
a0be0e50-c69b-4b55-976c-af4d9c711c90,misdirect.fm,available,69.98,118.98,medium,low,9,namecheap,,,13/08/2026 02:26
662943ee-b140-4993-8cf7-26777cee0cb8,cornish.fm,available,69.98,118.98,high,low,7,namecheap,,,13/08/2026 01:42
e670208f-90af-4575-85c8-c889bfc99cdc,rigid.fm,premium,201.83,87.98,high,low,5,spaceship,,,27/09/2026 15:17
07662071-56ab-470b-85bc-d80b6cb2bb30,gaul.fm,available,88.99,88.99,high,low,4,namesilo,,,02/10/2026 15:25
a6ea32f6-774a-44e4-ae3b-acd7bc5f37b9,maximizing.fm,available,69.98,118.98,high,low,10,namecheap,,,24/08/2026 17:56
d1cf4c25-9578-491f-8ca3-9eb7f0c2ae0e,beater.fm,available,69.98,118.98,high,low,6,namecheap,,,22/09/2026 21:38
06af0cd0-77de-4056-b380-1bc05447ba34,dickinson.fm,available,88.99,88.99,high,low,9,namesilo,,,25/09/2026 04:53
aa06f591-97c6-4afb-94a3-8df8489f95c4,ambrosial.fm,available,69.98,118.98,medium,low,9,namecheap,,,
93d3ad14-4591-47a4-b6d1-cc371bb4c430,agnathan.fm,available,69.98,118.98,medium,low,8,namecheap,,,17/09/2026 18:33
f8adbfc4-8d1f-4d51-982e-95fa953cfacf,kuomintang.fm,available,88.99,88.99,medium,low,10,namesilo,,,28/09/2026 14:23
92bc87d5-3af1-4a59-853c-cd93e1af42b6,tenable.fm,available,69.98,118.98,medium,low,7,namecheap,,,11/09/2026 11:08
058d016f-f759-426f-b374-e39b81dd190e,crabby.fm,available,69.98,118.98,medium,low,6,namecheap,,,08/08/2026 07:43
815970f8-f0be-45c1-b732-4b57241667b4,righteous.fm,available,67.98,87.72,high,low,9,spaceship,,,27/09/2026 15:12
dce6d749-558f-4857-a37c-94611c08329f,antiblack.fm,available,69.98,118.98,low,low,9,namecheap,,,
9391c428-b57a-48b7-9498-c3171636f040,angry.fm,available,69.98,118.98,high,low,5,namecheap,,,
f1f71c11-a150-48ba-8ea1-dc996235a5fb,baldy.fm,available,88.99,88.99,medium,low,5,namesilo,,,21/09/2026 21:43
8a640155-e7ce-447d-9619-92af03950cf2,lief.fm,available,69.98,118.98,medium,low,4,namecheap,,,17/08/2026 20:49
b1c26702-8373-499c-a68b-43537cc50d55,bolted.fm,available,67.98,87.72,medium,low,6,spaceship,,,01/10/2026 16:08
1150b274-317d-4288-bce4-007512c4e40e,nell.fm,available,66.49,66.49,medium,low,4,porkbun,,,28/09/2026 07:53
8876bc5a-e80e-4002-9e8c-138ae337ffca,patrol.fm,available,88.99,88.99,high,low,6,namesilo,,,25/09/2026 23:57
100192ea-4d44-4e66-96b7-419ffb1ff809,north.fm,premium,2593.5,110.5,high,low,5,namecheap,,,25/09/2026 23:09
d35bdb43-a9f4-4d6e-b0a5-0717f400dbe1,conspicuous.fm,available,87.85,87.85,medium,low,11,porkbun,,,29/09/2026 03:02
5780b3f3-6e64-4638-a8c8-cf24bab1f83f,austenite.fm,available,88.99,88.99,medium,low,9,namesilo,,,21/09/2026 04:39
baf20967-6ad3-4e76-803a-f864f068a7f7,bifurcated.fm,available,69.98,118.98,medium,low,10,namecheap,,,09/08/2026 20:24
48e99e85-1ec2-46db-9422-b0429d1b639e,humongous.fm,available,69.98,118.98,medium,low,9,namecheap,,,08/08/2026 12:58
b660b99e-8fac-45d3-b5ac-2419d5915569,spangled.fm,available,69.98,118.98,high,low,8,namecheap,,,18/08/2026 21:17
3d403a4a-91b9-4792-8ec2-dabb12ce24d3,halal.fm,premium,618.75,160.99,high,low,5,name.com,,,20/08/2026 22:18
5e9124af-2854-4427-9e3d-48a855de2be1,gooey.fm,available,69.98,118.98,medium,low,5,namecheap,,,20/08/2026 16:53
2edc47f9-4b80-49d4-92bd-b40037658928,autogiro.fm,available,88.99,88.99,medium,low,8,namesilo,,,21/09/2026 06:22
41be53ec-3fbe-456c-908f-c6b21c6e512b,eucalyptus.fm,available,69.98,118.98,high,low,10,namecheap,,,03/10/2026 00:41
f11e719c-c092-4931-9461-e39ee24f33b7,cloudlike.fm,available,69.98,118.98,medium,low,9,namecheap,,,12/08/2026 12:38
e383c34b-6775-4b8c-9129-a2cfaac91e35,antennaria.fm,available,88.99,88.99,medium,low,10,namesilo,,,19/09/2026 12:52
20b65ff6-0382-4798-b66b-392c49b19385,prat.fm,available,69.98,118.98,medium,low,4,namecheap,,,09/08/2026 11:18
d05bba5a-92c6-4f6d-918a-8738d5421b1e,alehouse.fm,available,69.98,118.98,medium,low,8,namecheap,,,18/09/2026 05:01
5daac100-8246-4ed6-beef-3bf8a305b70a,apothecium.fm,available,69.98,118.98,medium,low,10,namecheap,,,19/09/2026 19:43
4055a145-b11a-4b9e-9f72-c481aa6af052,knee.fm,available,88.99,88.99,high,low,4,namesilo,,,20/09/2026 11:27
0954c3a8-f153-4b91-8ad2-0af1d323700a,venezia.fm,available,67.98,87.72,high,low,7,spaceship,,,30/09/2026 11:17
10a60c9a-1e23-4255-9578-fdf1b8d533d6,shame.fm,available,88.99,88.99,high,low,5,namesilo,,,29/09/2026 15:43
feefc716-f57d-42c0-ab3e-05c86f5d0c7d,unstylish.fm,available,69.98,118.98,medium,low,9,namecheap,,,10/09/2026 23:17
c9cade56-ba38-4deb-b475-e231992669c6,cuisine.fm,resell,99,,high,low,7,"NameCheap, Inc.",25/06/2026 11:02,25/06/2027 23:59,30/09/2026 21:07
a692a9fb-9637-44f0-9afc-94fe46e15986,eyck.fm,available,68.25,89.25,high,low,4,dynadot,,,01/10/2026 19:31
36b15030-315f-46b9-b867-21be903d5f69,unending.fm,available,69.98,118.98,high,low,8,namecheap,,,
cea06dc2-db2d-4608-b282-2156b0625b50,detestable.fm,available,69.98,118.98,medium,low,10,namecheap,,,
acdb22ea-d27c-46ae-a19c-96e764966599,regressive.fm,available,69.98,118.98,high,medium,10,namecheap,,,09/09/2026 12:59
22b598fe-4d8f-4f2f-9484-ba6977092cc9,crowell.fm,available,87.85,87.85,medium,low,7,porkbun,,,29/09/2026 09:14
df73843b-176f-4596-9630-4cc6b09e3f03,stain.fm,available,88.99,88.99,high,low,5,namesilo,,,25/09/2026 16:55
dcb66bf6-90d7-4b6c-8dac-2a8d99c57600,eastbound.fm,available,69.98,118.98,high,low,9,namecheap,,,14/08/2026 22:50
087823b0-029e-4f72-8111-125510fe2d3f,feeder.fm,available,69.98,118.98,high,low,6,namecheap,,,12/08/2026 21:09
919508f6-d258-47d0-9cce-4d081f9ac2c8,sporting.fm,available,69.98,118.98,high,low,8,namecheap,,,09/08/2026 18:15
08dbc4e8-2275-493d-99a4-4f432bb915c7,commando.fm,available,85,85,high,low,8,cloudflare,,,01/10/2026 01:32
0af0c511-7bf6-4c41-b03e-4ad82021eed2,superstition.fm,available,67.98,87.72,medium,low,12,spaceship,,,30/09/2026 14:14
27c19b6b-8575-44e7-9ec8-bcd9220490c3,sexual.fm,premium,1029.83,87.98,high,low,6,spaceship,,,27/09/2026 20:20
e7ceae6a-0894-4617-ba58-cacb2efaeb07,arms.fm,available,88.99,88.99,high,low,4,namesilo,,,20/09/2026 07:44
de2820e7-de71-4a6c-9d35-a296b86e00a3,statewide.fm,available,69.98,118.98,high,low,9,namecheap,,,10/09/2026 19:10
caf2d191-dcbd-4a84-941a-135cc1d6bc4b,falter.fm,available,69.98,118.98,high,low,6,namecheap,,,17/08/2026 21:39
768d31c2-7853-4e69-aeff-535dc9ad5fa4,brute.fm,available,69.98,118.98,high,low,5,namecheap,,,
99e8debc-d2fc-488e-841e-6a6bbd9d8524,nebula.fm,resell,,,high,medium,6,,,,30/09/2026 05:26
f1dd14fa-3b50-445a-ac2b-51e89d995200,theorize.fm,available,88.99,88.99,high,low,8,namesilo,,,24/09/2026 17:19
31658bc0-e855-4f8a-b0ba-7650544f5891,aconite.fm,available,88.99,88.99,medium,low,7,namesilo,,,17/09/2026 02:05
8c0526c4-fbd5-4eb0-b24f-4e3a383ca672,peggy.fm,available,88.99,88.99,high,low,5,namesilo,,,25/09/2026 13:02
d4431c69-4484-4b0c-8ced-6b10cfa72f0e,alkane.fm,available,88.99,88.99,medium,low,6,namesilo,,,18/09/2026 08:24
434b0473-5312-4994-843c-9d420d9b2420,sources.fm,available,88.99,88.99,medium,low,7,namesilo,,,17/09/2026 22:23
b2550845-764a-4d3e-9c67-3c5e92917cd2,westport.fm,available,88.99,88.99,medium,low,8,namesilo,,,28/09/2026 08:11
ffb69dc7-d589-4bbc-bc31-67fd8103ba0b,paula.fm,available,88.99,88.99,high,low,5,namesilo,,,25/09/2026 14:33
632f86bd-cbf6-489e-8f65-fdd45ebc8ee7,stakes.fm,available,88.99,88.99,high,low,6,namesilo,,,23/09/2026 10:49
ae492e27-081e-4f77-9679-996aa1879269,cupcake.fm,available,69.98,118.98,high,low,7,namecheap,,,24/09/2026 20:16
cbcafb6b-d8a3-4cdc-9eb0-da22cf19a98c,beastly.fm,available,69.98,118.98,medium,low,7,namecheap,,,09/08/2026 04:54
8c82dfad-db3f-479c-89cd-85b3f6345dc9,allahabad.fm,available,85,85,medium,low,9,cloudflare,,,30/09/2026 05:15
f153d629-92d0-4159-adde-d9607c657553,closeout.fm,available,88.99,88.99,high,low,9,namesilo,,,
b30ee0de-6244-4751-884c-c1365f495dd9,clathrate.fm,available,69.98,118.98,medium,low,9,namecheap,,,11/08/2026 16:23
12b4fdfb-fa67-4ec8-80b0-58c51b40926b,betrayal.fm,available,88.99,88.99,medium,low,8,namesilo,,,23/09/2026 11:24
c57cac27-8c0f-4f29-ab5c-804eba169145,depictive.fm,available,69.98,118.98,medium,low,9,namecheap,,,14/08/2026 00:41
46423c94-f9fa-4fcf-bda7-6c35045e3e27,airless.fm,available,69.98,118.98,medium,low,7,namecheap,,,
6a60ec7b-4d3a-4dd5-8dce-88ee500a6c5a,feeble.fm,available,99,160.99,medium,low,6,name.com,,,13/08/2026 20:30
ab51f17c-7873-4356-b2ba-75e357d3ee0f,sfa.fm,available,88.99,88.99,high,low,3,namesilo,,,03/10/2026 04:57
29e544d9-f314-45f4-ac62-464cb5f9b21c,findings.fm,available,69.98,118.98,medium,low,8,namecheap,,,28/09/2026 19:12
208e463e-9148-4a71-9a8e-0aa2bb1fe2c8,aerogram.fm,available,88.99,88.99,medium,low,8,namesilo,,,17/09/2026 13:04
f1b9add8-0106-4e64-be0b-55d3f959adbb,stockholders.fm,available,68.25,89.25,medium,low,12,dynadot,,,01/10/2026 18:35
6ce89c90-e31b-48b5-8c0a-90610fe8d778,riots.fm,available,85,85,low,low,5,cloudflare,,,29/09/2026 05:50
906efdfc-f7c4-43f5-bb18-985a70369c18,accolade.fm,available,88.99,88.99,high,low,8,namesilo,,,16/09/2026 22:45
070105fb-e398-42b0-995a-26f0d2e6753b,chemnitz.fm,available,85,85,medium,low,8,cloudflare,,,02/10/2026 23:59
661bbced-d41c-45ce-92ee-a14e9edfb444,drinker.fm,available,67.98,87.72,high,low,7,spaceship,,,01/10/2026 01:48
7be8a531-ba84-4957-9c61-92614287ebb6,meetings.fm,available,69.98,118.98,medium,low,8,namecheap,,,27/09/2026 10:46
84dc37c1-400f-428e-8ca4-28819b02b140,laziness.fm,available,69.98,118.98,medium,low,8,namecheap,,,28/09/2026 17:35
3cb68c6a-832e-4651-8693-37c41cfa2937,scavenger.fm,available,68.25,89.25,high,low,9,dynadot,,,02/10/2026 16:18
aacaa562-d047-4b41-bc97-8877f602fc0e,ees.fm,available,88.99,88.99,medium,low,3,namesilo,,,02/10/2026 02:49
476adc85-c45b-43f9-adac-caa714cda666,traded.fm,available,69.98,118.98,medium,low,6,namecheap,,,02/10/2026 02:47
66e5663f-0d50-45f5-ab98-2053eae0cfe3,nhs.fm,premium,253.5,110.5,high,low,3,namecheap,,,28/09/2026 07:40
c9662d24-324c-4c0f-a2c2-9b01d37eeaba,wrathful.fm,available,69.98,118.98,medium,low,8,namecheap,,,13/09/2026 13:36
05f8705b-bcec-4138-aabd-960fb78bcf35,ritardando.fm,available,69.98,118.98,high,medium,10,namecheap,,,09/09/2026 09:54
de41b5d6-79df-43cc-bcb6-806886a2498b,service.fm,available,88.99,88.99,high,medium,7,namesilo,,,01/10/2026 05:32
12ecd64a-b39b-42e2-94c7-e08caa47601a,superfamily.fm,available,88.99,88.99,medium,low,11,namesilo,,,29/09/2026 02:59
8eee0063-7499-4eb0-a1cf-ae6ac0ee158a,pilgrim.fm,available,85,85,high,low,7,cloudflare,,,28/09/2026 10:43
9068a2fe-bbb7-443e-bcf9-b4d7b9efb385,powhatan.fm,available,88.99,88.99,high,low,8,namesilo,,,01/10/2026 03:20
4e559b80-4cf5-400a-a3a9-a8f4be01a625,alphabets.fm,available,169.99,169.99,medium,low,9,godaddy,,,01/10/2026 00:06
11da0302-8eeb-4aff-a658-e2ac4bc6caaa,replete.fm,available,69.98,118.98,high,low,7,namecheap,,,09/09/2026 14:32
5b7f37b0-289c-4b24-84bb-efc5632de968,diagnosed.fm,available,67.98,87.72,medium,low,9,spaceship,,,28/09/2026 23:36
6b56acac-b3ae-431d-b68a-1af6198f2a1c,aldol.fm,available,88.99,88.99,high,low,5,namesilo,,,18/09/2026 04:25
e281a0da-dc0e-4b49-9ef0-2eacd0e060af,sociable.fm,premium,249.6,102,high,medium,8,namesilo,,,10/09/2026 13:08
ee01aa58-975f-4e3e-b77a-b99656dd873d,midtown.fm,available,87.85,87.85,high,low,7,porkbun,,,01/10/2026 14:20
c9388c5b-d389-486c-ba36-6174c01b4c82,autotroph.fm,available,88.99,88.99,medium,low,9,namesilo,,,21/09/2026 07:36
d1399c0f-1689-4af0-a41d-937e390df63b,repaired.fm,available,67.98,87.72,medium,low,8,spaceship,,,28/09/2026 23:01
bcaf01dd-7e07-4c18-8909-231a6c6c4376,ketonemia.fm,available,88.99,88.99,medium,low,9,namesilo,,,17/09/2026 00:10
9f658b1e-36fb-42c9-9455-28895e79da76,stead.fm,available,67.98,87.72,medium,low,5,spaceship,,,01/10/2026 20:20
1b819cb2-de46-4af5-88a5-e901ef0c973b,christoph.fm,premium,,,medium,low,9,,,,28/09/2026 12:39
82d7d420-0a94-44ec-b802-fbc4b04364e0,tangential.fm,available,69.98,118.98,medium,low,10,namecheap,,,14/08/2026 07:29
b3673021-e074-4f9a-a87d-eb500f7a558f,bronchial.fm,available,69.98,118.98,medium,low,9,namecheap,,,11/08/2026 05:35
16e5cd4b-35c3-4240-8b54-a8dac299a2e0,garments.fm,available,67.98,87.72,medium,low,8,spaceship,,,30/09/2026 23:02
315b6b7b-c834-4a30-9bc1-0821806328e9,balustrade.fm,available,88.99,88.99,high,low,10,namesilo,,,22/09/2026 00:29
4d7ac091-faea-450a-a07e-f4f52fdd84b4,antigone.fm,available,88.99,88.99,high,low,8,namesilo,,,19/09/2026 14:26
bea68933-32e8-43ea-b516-0d9d36c8fe2c,sadducean.fm,available,69.98,118.98,high,medium,9,namecheap,,,09/09/2026 20:42
c552e2f3-b6c4-4eb5-902f-3a26e046bd1f,xcii.fm,available,69.98,118.98,medium,low,4,namecheap,,,
752f5bc2-932f-4699-9104-4fcb72b398c0,apothegm.fm,available,69.98,118.98,medium,low,8,namecheap,,,19/09/2026 17:10
cfa9305e-8148-42fc-9690-7058e795cd58,greig.fm,available,85,85,high,low,5,cloudflare,,,02/10/2026 20:02
b7a18420-a346-4e2b-b4ef-c34425df167f,ascii.fm,premium,253.5,110.5,high,low,5,namecheap,,,18/09/2026 20:43
b0e4d77e-cd28-414d-b56d-6fab46630155,represented.fm,available,68.25,89.25,high,low,11,dynadot,,,03/10/2026 01:48
51532d08-d2c5-43c0-8ac1-29768231bc79,beaner.fm,available,69.98,118.98,medium,low,6,namecheap,,,22/09/2026 20:26
32448ca2-b065-4359-8fdc-c2eaf8a80e4a,inflected.fm,available,69.98,118.98,medium,low,9,namecheap,,,22/08/2026 04:31
29c1aa2c-5bd9-4430-8b59-8247d3367db5,approach.fm,available,69.98,118.98,high,low,8,namecheap,,,06/08/2026 08:44
a38c2543-6e09-4fd0-a458-4d52b4449d40,recession.fm,available,88.99,88.99,high,low,9,namesilo,,,27/09/2026 10:55
e2aff3df-4c34-4f3f-b7cd-702e132e71fb,amusive.fm,available,69.98,118.98,high,low,7,namecheap,,,
e6b0c0af-f8da-462e-9f9d-b3ee28e919a5,wacky.fm,available,88.99,88.99,high,low,5,namesilo,,,22/09/2026 08:23
92c10b8d-d2da-4a0f-bb02-d7a6a6350a1e,chaim.fm,available,67.98,87.72,medium,low,5,spaceship,,,29/09/2026 22:18
e363f76d-860b-4be0-9385-5df0e637a255,flannel.fm,available,67.98,87.72,high,low,7,spaceship,,,02/10/2026 04:47
56e60a38-8409-4dfb-b1b2-d104780ec994,noisome.fm,available,69.98,118.98,medium,low,7,namecheap,,,18/08/2026 02:29
30552755-93d9-4ea8-b76c-8b31e382f6ed,sung.fm,available,88.99,88.99,high,low,4,namesilo,,,29/09/2026 08:04
acbb47fc-cd38-40cb-a924-0c6e46f985a7,unlit.fm,available,69.98,118.98,medium,low,5,namecheap,,,12/09/2026 13:03
4cf6c0fe-39fd-4975-a850-f0fb66aa8589,agincourt.fm,available,69.98,118.98,medium,low,9,namecheap,,,17/09/2026 17:59
abba271f-681b-4b37-8666-c274e8d0bec7,streisand.fm,available,88.99,88.99,high,low,9,namesilo,,,22/09/2026 05:03
58eece2a-77e8-4935-850f-5eac7dec403b,restrict.fm,available,88.99,88.99,medium,low,8,namesilo,,,19/09/2026 17:10
29c29ca6-0c06-43a2-a071-677e7624cf49,cloaked.fm,available,69.98,118.98,medium,low,7,namecheap,,,12/08/2026 11:28
8c912eda-3704-4bce-887b-3eb07d767dc9,ruttish.fm,available,69.98,118.98,medium,low,7,namecheap,,,21/08/2026 14:10
c509352d-94ac-415d-aa8d-ae7f8e05bf3c,ronde.fm,available,88.99,88.99,high,low,5,namesilo,,,02/10/2026 22:42
d1f903cf-5928-4bca-8880-0152e5c0fb40,dispensaries.fm,available,68.25,89.25,medium,low,12,dynadot,,,02/10/2026 03:34
7f6d1adc-ff05-48ff-b4b0-db84655da62e,macabre.fm,premium,243.75,160.99,medium,low,7,name.com,,,18/08/2026 23:19
14b04b86-8a10-4f09-912d-38d459f3f660,oslo.fm,premium,1029.83,87.98,high,low,4,spaceship,,,29/09/2026 06:45
0f9e24e8-4f31-4cbf-bdc9-d0b62db95017,treeless.fm,available,69.98,118.98,medium,low,8,namecheap,,,11/09/2026 19:10
37835e1d-0e54-4edc-8749-622ae669ab8f,doodlebug.fm,available,88.99,88.99,medium,low,9,namesilo,,,19/09/2026 12:18
6e6be4c0-9da0-4375-a1a3-c62397faeb96,lower.fm,available,68.25,89.25,high,low,5,dynadot,,,29/09/2026 20:00
f198fc48-3285-4c55-bd81-c4396eddcd91,trusts.fm,available,67.98,87.72,medium,low,6,spaceship,,,28/09/2026 18:18
e72f3a36-b314-4e11-a115-96e68e722050,annulment.fm,available,88.99,88.99,medium,low,9,namesilo,,,16/09/2026 17:16
da5e3170-6568-4a1f-87c7-ef7d0ecf0cf8,amman.fm,available,88.99,88.99,medium,low,5,namesilo,,,18/09/2026 21:59
47440c6d-3f3b-471d-8038-a116d22c2b0c,mabel.fm,available,88.99,88.99,high,low,5,namesilo,,,25/09/2026 13:35
0567f4c9-a767-43fc-b871-26a9c8f8708e,childless.fm,available,69.98,118.98,medium,low,9,namecheap,,,12/08/2026 05:10
251f4b8c-91cf-49d1-85be-4e9e8094fcfd,trident.fm,premium,253.5,110.5,high,low,7,namecheap,,,02/10/2026 06:34
7c12c24a-491b-45e3-bb4c-aebb8e4b40ef,electrician.fm,available,67.98,87.72,high,low,11,spaceship,,,30/09/2026 04:08
eb5bcd9e-6188-45c7-b668-c65dd5c1cb07,slipping.fm,available,69.98,118.98,medium,low,8,namecheap,,,10/09/2026 11:05
f065090b-1175-4b7c-9451-67c833451b3d,grimsby.fm,available,67.98,87.72,medium,low,7,spaceship,,,30/09/2026 04:49
5fd4e7bb-ef26-4427-81a7-ba9314273dd7,tosh.fm,available,88.99,88.99,medium,low,4,namesilo,,,21/09/2026 23:54
49ba9a5a-de2e-4d76-b452-96161f9441fd,herkimer.fm,available,67.98,87.72,medium,low,8,spaceship,,,01/10/2026 10:24
564e2927-726b-422a-8593-25bc6641129d,elusive.fm,premium,243.75,160.99,medium,low,7,name.com,,,08/08/2026 08:07
ca0c51c2-2589-411e-8018-ceecd20fa2a6,dorm.fm,available,99,160.99,high,low,4,name.com,,,24/09/2026 23:35
442444f2-465b-49af-b6ff-6ea543837e79,pant.fm,available,87.85,87.85,high,low,4,porkbun,,,03/10/2026 00:54
cf3cdcd7-e08a-4a41-be44-acd6b584aa9b,soulful.fm,available,69.98,118.98,high,low,7,namecheap,,,10/09/2026 14:42
f8857d79-d473-4f4a-9ac4-dc41ca76834b,margot.fm,available,67.98,87.72,high,low,6,spaceship,,,28/09/2026 21:14
31d7fc1e-5ad8-45a8-99f3-da6109cc9c01,mendoza.fm,available,88.99,88.99,medium,low,7,namesilo,,,27/09/2026 07:53
762a1251-4ee0-434b-b1ac-35520f67a323,mirish.fm,available,69.98,118.98,medium,low,6,namecheap,,,16/09/2026 16:36
daa25c04-1033-4879-bdd5-fe802404f164,improvise.fm,available,69.98,118.98,high,low,9,namecheap,,,21/09/2026 16:45
ea666024-ff8a-435d-b0e3-59c891cc2845,hither.fm,available,69.98,118.98,medium,low,6,namecheap,,,15/09/2026 00:48
b16966b5-4595-4d12-ae5f-2be46ce22516,wain.fm,available,88.99,88.99,medium,low,4,namesilo,,,23/09/2026 14:30
d2a6c0a0-4108-4faa-b7f3-b8d036f76005,talented.fm,available,69.98,118.98,high,low,8,namecheap,,,18/08/2026 23:26
cd92ab44-f6e2-4f99-bbc6-fd0fac7c88ed,beneficent.fm,available,69.98,118.98,medium,low,10,namecheap,,,09/08/2026 14:22
d77c20e9-34f3-4c82-b574-7b69da8aece8,assignor.fm,available,69.98,118.98,medium,low,8,namecheap,,,20/09/2026 16:27
8c1ddf40-0859-4887-97c5-0d2b681fe779,grievance.fm,available,67.98,87.72,medium,low,9,spaceship,,,02/10/2026 05:07
f82b6401-6269-4648-a910-4472a98df93b,sundress.fm,available,88.99,88.99,high,low,8,namesilo,,,30/09/2026 12:21
390f297b-144e-419c-9d80-0eecdb357be7,kendrick.fm,available,88.99,88.99,medium,low,8,namesilo,,,28/09/2026 08:02
a461a5b0-7306-4c45-b852-58e7ee4c6a30,struck.fm,available,69.98,118.98,medium,low,6,namecheap,,,10/09/2026 11:50
f55e99af-83b0-4fbc-b602-3891bbf25e80,seriatim.fm,available,69.98,118.98,medium,low,8,namecheap,,,16/09/2026 01:10
12d2267a-1e9e-4dce-9e71-37b3335dbf17,abettor.fm,available,88.99,88.99,medium,low,7,namesilo,,,16/09/2026 15:19
07ea5ce6-0f96-40d1-a1ca-05776a3f890a,courtesy.fm,available,69.98,118.98,high,low,8,namecheap,,,24/09/2026 18:48
2c9359f4-fd73-4e36-8267-230b62f674ce,billed.fm,available,69.98,118.98,high,low,6,namecheap,,,09/08/2026 21:23
ed1cbfd6-9d21-4009-8640-cd1747825fd3,schubert.fm,premium,249.6,102,high,low,8,namesilo,,,01/10/2026 19:38
04828b96-22f8-4fd0-aa41-79abc59afb55,woven.fm,available,69.98,118.98,high,low,5,namecheap,,,28/09/2026 11:08
d264c6d7-ddda-428c-a70e-bdd7082131ca,impacted.fm,available,69.98,118.98,medium,low,8,namecheap,,,21/08/2026 21:36
2e657205-96ca-464b-a78c-72deddd4d943,tetragon.fm,available,69.98,118.98,medium,low,8,namecheap,,,09/09/2026 07:24
8f9215e8-a399-4e29-9755-51f836edc8bd,neophyte.fm,available,69.98,118.98,medium,low,8,namecheap,,,18/08/2026 07:34
d15f06ef-0125-4094-9f6d-7282064b7428,netting.fm,available,85,85,high,low,7,cloudflare,,,01/10/2026 21:08
51ee9da8-85f5-41c2-9c48-bf4769329c17,synovial.fm,available,69.98,118.98,medium,low,8,namecheap,,,11/09/2026 06:37
97890374-3cf9-499e-82ce-a7659470ce2e,totality.fm,available,69.98,118.98,high,low,8,namecheap,,,
a61ebdc6-ce97-448f-91d7-df7a77fae488,incendiary.fm,premium,243.75,160.99,medium,low,10,name.com,,,22/08/2026 00:54
ca76e360-7fc3-4cf0-a294-49007b8ee100,lettered.fm,available,69.98,118.98,medium,low,8,namecheap,,,22/08/2026 16:54
c797016e-5dbc-41fa-a1b4-90857b17e2a2,larghetto.fm,available,69.98,118.98,high,low,9,namecheap,,,22/08/2026 19:57
6ce9f64e-b504-49ad-aca6-3f91adf5932d,stubbornly.fm,available,69.98,118.98,medium,low,10,namecheap,,,14/09/2026 10:12
ec547538-7dfe-42e1-993c-4717b0081c9d,rihanna.fm,available,67.98,87.72,high,low,7,spaceship,,,02/10/2026 13:35
3695ff27-4ad1-40e6-a2d9-9773622c1532,nepa.fm,available,67.98,87.72,medium,low,4,spaceship,,,01/10/2026 19:45
fc449322-a64b-437d-9f2d-43791bfad27c,gunnison.fm,available,67.98,87.72,medium,low,8,spaceship,,,01/10/2026 12:09
1a7cf000-7156-41ca-afcf-ce6b01526e63,unsized.fm,available,69.98,118.98,low,low,7,namecheap,,,12/09/2026 20:00
e47c83ba-cffa-4189-aa2b-cb7c72684a47,rfp.fm,available,69.98,118.98,high,low,3,namecheap,,,02/10/2026 17:41
3e5d23ae-1758-4ca5-b996-4a5bbfc8ef6e,brutus.fm,available,85,85,high,low,6,cloudflare,,,01/10/2026 18:49
c587a102-d73e-4241-8be0-b0cbd208a0c1,idealized.fm,available,69.98,118.98,high,low,9,namecheap,,,21/08/2026 17:58
384742fb-483e-4bab-9b26-c6ca4eabdfe8,antiphony.fm,available,69.98,118.98,medium,low,9,namecheap,,,19/09/2026 14:57
1727e828-73b4-4381-a842-d5db3e45eddd,pacing.fm,available,68.25,89.25,high,low,6,dynadot,,,01/10/2026 03:12
f8f989df-ce04-4022-83b2-cd70d48072d3,rounds.fm,premium,249.6,102,medium,low,6,namesilo,,,27/09/2026 02:23
532ab21c-b2a8-41f1-9212-56a6ca519344,mackerel.fm,available,68.25,89.25,high,low,8,dynadot,,,02/10/2026 05:41
37efae1e-05ca-4ded-958c-9d82b28991f2,forsyth.fm,available,87.85,87.85,high,low,7,porkbun,,,27/09/2026 21:08
a59af71f-3aa6-49c1-8a2a-ff6ad154f857,filled.fm,available,69.98,118.98,high,low,6,namecheap,,,24/09/2026 18:13
38cf0a92-daee-4356-9797-b410eabd582d,twoscore.fm,available,69.98,118.98,medium,low,8,namecheap,,,
1dedb76b-bafc-4c10-a390-deba5c58b2c1,arose.fm,available,67.98,87.72,medium,low,5,spaceship,,,29/09/2026 22:55
597f5b42-2ce2-46e4-b6f9-ff262ff96bfd,ips.fm,available,67.98,87.72,high,low,3,spaceship,,,29/09/2026 03:50
f26c7e29-1105-46c7-bb1e-f3faf9e55cf8,jument.fm,available,69.98,118.98,medium,low,6,namecheap,,,22/09/2026 21:27
de37496e-d83d-403b-8fb0-c0b40e47ee89,equivalent.fm,available,88.99,88.99,high,low,10,namesilo,,,24/09/2026 14:50
b4896f7b-1bca-4bf5-9a04-e7c02d7d9e60,faye.fm,available,67.98,87.72,medium,low,4,spaceship,,,28/09/2026 13:31
4b47cc64-f97e-440d-9e0b-8b414656bcc8,capacitive.fm,available,69.98,118.98,medium,low,10,namecheap,,,11/08/2026 17:49
9a4e8278-c80b-488b-854a-371cfbb5a109,toughie.fm,available,69.98,118.98,high,medium,7,namecheap,,,09/09/2026 06:05
5d4ce594-dab6-41de-bfa2-99e1e60179bf,estimation.fm,available,69.98,118.98,high,low,10,namecheap,,,19/09/2026 22:26
935c4d5d-6573-4c3c-bd96-8746fe55f495,clears.fm,available,68.25,89.25,high,low,6,dynadot,,,29/09/2026 17:52
b2b9ff7a-cdc4-4bc2-878a-807370e71d34,galois.fm,available,67.98,87.72,medium,low,6,spaceship,,,02/10/2026 04:45
2589b554-27a4-4db5-b529-4b0af2e960e1,belatedly.fm,available,69.98,118.98,medium,low,9,namecheap,,,22/08/2026 20:25
ffe72bb1-5edc-4b58-8228-860c13a9147b,wordsworth.fm,available,69.98,118.98,medium,low,10,namecheap,,,28/09/2026 15:34
6fe0c665-2061-4e3e-a8bb-b682ef836f5d,canadians.fm,available,88.99,88.99,medium,low,9,namesilo,,,29/09/2026 17:32
4e8bfd8f-563e-44a2-acd0-056a25cca4a2,assignable.fm,available,69.98,118.98,medium,low,10,namecheap,,,07/08/2026 06:19
f1ed44f8-0198-4635-86ce-8cd61626eb46,ladder.fm,available,88.99,88.99,high,low,6,namesilo,,,30/09/2026 01:55
9d823d14-c59b-4137-817a-d33ffacf213f,rowing.fm,available,69.98,118.98,high,low,6,namecheap,,,29/09/2026 20:14
1f899a00-f081-464a-862a-82f92c39306f,librarian.fm,available,88.99,88.99,high,low,9,namesilo,,,23/09/2026 12:54
a38911f8-c0c9-4c9e-8b95-6c0344753107,dowding.fm,available,69.98,118.98,medium,low,7,namecheap,,,14/08/2026 17:10
3090c53f-d96e-4811-8d18-8f391f790d55,cubby.fm,available,69.98,118.98,high,medium,5,namecheap,,,10/09/2026 12:51
41f8ad91-7e92-4b12-abc0-f6cea84a0732,chennai.fm,premium,201.83,87.98,high,low,7,spaceship,,,30/09/2026 09:07
99cb97d7-74ac-460a-b21a-e98006057a7a,punishment.fm,available,88.99,88.99,high,low,10,namesilo,,,25/09/2026 09:51
8a6f71df-527c-4f4d-9825-330329472193,violently.fm,available,88.99,88.99,medium,low,9,namesilo,,,16/09/2026 11:00
914ce6a6-f22a-4c7d-ad30-e00003073dbb,awning.fm,available,88.99,88.99,high,low,6,namesilo,,,21/09/2026 10:12
7048d754-a5bf-43ba-a638-dfc590e38068,wimpy.fm,available,69.98,118.98,medium,low,5,namecheap,,,13/09/2026 12:06
536d2ecb-96c0-4972-8b59-ca8c9340c6f4,zohar.fm,available,88.99,88.99,medium,low,5,namesilo,,,03/10/2026 04:46
5ba39333-7470-4031-8ffd-163d1cdfd11f,elmo.fm,available,88.99,88.99,high,low,4,namesilo,,,30/09/2026 05:11
8933b2bb-88bf-4b05-a911-e0f7db56696a,alpenstock.fm,available,69.98,118.98,medium,low,10,namecheap,,,18/09/2026 13:32
843f60c8-902f-496a-ac77-28ccb5ca7ad0,athletic.fm,available,88.99,88.99,high,low,8,namesilo,,,21/09/2026 16:12
9a778f8c-dfb2-4acb-a8b2-3506c0ffb79f,caesarean.fm,available,69.98,118.98,medium,low,9,namecheap,,,11/08/2026 13:05
7faf7ff9-078a-4ce7-9837-293ac6092aa5,rabbits.fm,available,88.99,88.99,medium,low,7,namesilo,,,28/09/2026 05:05
5b28c898-a3ff-408e-b9d6-0e5199f141fd,sevener.fm,available,69.98,118.98,medium,low,7,namecheap,,,
65132afa-5434-4873-a032-eb13fbe458e6,enumerate.fm,available,69.98,118.98,high,low,9,namecheap,,,03/09/2026 22:58
489ff798-d648-4847-99e9-499e3a28924d,favourable.fm,available,88.99,88.99,high,low,10,namesilo,,,24/09/2026 17:24
b1028a14-bdd1-4f63-8bd0-abad6a563186,mounts.fm,available,85,85,medium,low,6,cloudflare,,,01/10/2026 00:51
ace58f44-c106-4953-89b7-ffde91a5564e,splendid.fm,premium,243.75,160.99,high,low,8,name.com,,,17/08/2026 16:04
e9f8eefe-018d-44a1-807d-98559ba93435,endoscopic.fm,available,69.98,118.98,medium,low,10,namecheap,,,17/08/2026 01:19
e9b34a27-56ac-479d-a27e-1ba366303d38,honourable.fm,available,69.98,118.98,high,low,10,namecheap,,,21/08/2026 13:34
279edcb8-b439-4317-8992-6cc6e3b03971,verbosely.fm,available,69.98,118.98,medium,low,9,namecheap,,,15/09/2026 12:43
11e674bf-a845-40e1-bfc5-e38d8d228d23,uprightly.fm,available,69.98,118.98,medium,low,9,namecheap,,,15/09/2026 01:06
7b581c98-8635-4887-ac59-b353dafbf76e,amenities.fm,available,69.98,118.98,high,low,9,namecheap,,,18/09/2026 18:52
597e3b83-5a5e-474f-950d-525fb0e8f877,megabucks.fm,available,88.99,88.99,high,low,9,namesilo,,,23/09/2026 14:11
b8266bcd-9592-4fcd-94f7-c0a6e1c38cdb,vodka.fm,premium,253.5,110.5,high,low,5,namecheap,,,30/09/2026 14:34
3aa4f409-7e2c-469c-a1d1-4e06aa20cdca,tray.fm,available,88.99,88.99,high,low,4,namesilo,,,02/10/2026 01:23
40325a3a-cd69-4d32-a86e-18d9fac591c7,mau.fm,available,85,85,high,low,3,cloudflare,,,02/10/2026 17:50
077f40ae-f293-47d4-b9f0-62be772e9659,octavo.fm,available,69.98,118.98,medium,low,6,namecheap,,,16/09/2026 12:43
f35ef180-bbed-4901-81e3-ddf721e43a15,sinner.fm,available,67.98,87.72,medium,low,6,spaceship,,,29/09/2026 18:50
afb9de31-49d1-4d0e-a9ff-f4796a2da5b3,pearce.fm,available,88.99,88.99,high,low,6,namesilo,,,29/09/2026 15:07
3abfe91d-4418-4dc3-9fa4-42321980514b,decode.fm,available,85,85,high,low,6,cloudflare,,,02/10/2026 17:16
3a1d0d9f-a025-4df6-b2a9-cceb147a27ad,lavinia.fm,available,85,85,high,low,7,cloudflare,,,30/09/2026 05:09
b831af1a-e213-42ac-a821-52e98667d507,pieces.fm,available,69.98,118.98,high,low,6,namecheap,,,17/09/2026 19:58
e5a224ed-aa56-4f03-aad6-71ee2795fe32,roosevelt.fm,available,88.99,88.99,high,low,9,namesilo,,,19/09/2026 09:58
26fc1905-dc08-411e-ab21-8a309bd118a5,defraud.fm,available,69.98,118.98,medium,low,7,namecheap,,,14/09/2026 08:02
c8deab35-353d-411f-9338-7bf2a7bd0482,marmaduke.fm,available,67.98,87.72,medium,low,9,spaceship,,,02/10/2026 19:44
365cd6e0-cb90-4c41-be9e-51794bc32465,dishwasher.fm,available,68.25,89.25,high,low,10,dynadot,,,29/09/2026 15:53
4ba6d4ef-1b30-45a2-ba6f-8e689e9a4677,verdi.fm,available,88.99,88.99,high,low,5,namesilo,,,03/10/2026 00:58
65eb2ce1-3f47-4807-8c59-8b6811196358,wing.fm,available,88.99,88.99,high,low,4,namesilo,,,22/09/2026 15:49
82ece3e9-cf5d-475b-9c2a-5c6ffbb0b146,unfed.fm,available,69.98,118.98,medium,low,5,namecheap,,,12/09/2026 10:04
f53767a8-63cd-43df-beaa-c4a7c842f025,zanzibar.fm,available,88.99,88.99,high,low,8,namesilo,,,30/09/2026 14:48
4b04b2fe-80b2-4521-acd0-38ee158023eb,malar.fm,available,69.98,118.98,medium,low,5,namecheap,,,13/09/2026 15:43
4e1547ab-6853-4ad0-9376-beb857e6ee69,prettiest.fm,available,88.99,88.99,medium,low,9,namesilo,,,18/09/2026 03:32
2930b122-cfe9-4097-b2e0-a1870228074e,horsepower.fm,available,85,85,high,low,10,cloudflare,,,29/09/2026 19:06
af95e42c-624d-4527-9ee5-ba9efce11355,horseback.fm,available,69.98,118.98,high,low,9,namecheap,,,21/09/2026 23:38
b2c4fffe-43aa-431e-aecc-0597500977b9,ado.fm,premium,249.6,102,high,low,3,namesilo,,,17/09/2026 09:17
978b2c90-5a94-4117-859f-19a8bc802e81,inflict.fm,available,68.25,89.25,high,low,7,dynadot,,,30/09/2026 03:14
7b833a6e-a7a1-4e43-a8bd-19cfc0e5db8e,aptly.fm,available,69.98,118.98,medium,low,5,namecheap,,,13/09/2026 16:19
3015eeb2-b02c-44ff-8d4c-44f864a65eaf,comb.fm,available,88.99,88.99,high,low,4,namesilo,,,24/09/2026 16:22
7538eb6b-7fd1-4d0f-9dfe-041569b975a3,urinate.fm,available,69.98,118.98,medium,low,7,namecheap,,,13/09/2026 09:41
fae7f3df-095b-4470-9408-4b9475d3179a,argonne.fm,available,88.99,88.99,medium,low,7,namesilo,,,20/09/2026 04:36
99d1e539-f9f9-4c74-b52e-f270142de199,interacting.fm,available,88.99,88.99,high,low,11,namesilo,,,02/10/2026 07:08
d543dc73-6f74-4d54-a224-25077ae748f7,unicorns.fm,available,88.99,88.99,high,low,8,namesilo,,,
85ba3eed-8f65-4851-a0e0-dbb17d150689,semifinal.fm,available,88.99,88.99,high,low,10,namesilo,,,16/09/2026 09:45
4c7a2352-a911-4940-83b9-909b2afd7ddb,crochet.fm,available,88.99,88.99,high,low,7,namesilo,,,24/09/2026 19:40
d8998e27-8862-4576-b4da-9accb74edd59,gompers.fm,available,85,85,medium,low,7,cloudflare,,,02/10/2026 15:34
2e2a7ef2-2dd8-4df3-bcd4-a360bc951c1a,asm.fm,premium,201.83,87.98,high,low,3,spaceship,,,30/09/2026 06:15
c3515653-b0ec-49c0-8ced-3cb8b78764dd,clovers.fm,available,88.99,88.99,medium,low,7,namesilo,,,21/09/2026 06:52
0f925b2a-948e-4364-ab90-75a3d98069e5,murmuring.fm,available,69.98,118.98,high,low,9,namecheap,,,03/09/2026 11:06
7473d24b-e722-418c-9336-e773b2a10e77,peaked.fm,available,87.85,87.85,medium,low,6,porkbun,,,29/09/2026 21:11
e4318e17-1157-4187-953e-17bf780b5408,postbox.fm,available,88.99,88.99,high,low,8,namesilo,,,
d3502030-5e23-4ab2-9ad6-282beba6d9f0,venial.fm,available,69.98,118.98,medium,low,6,namecheap,,,18/08/2026 12:00
603bf3fb-da0a-4e5f-a714-ed09aaf61bb0,ailanthus.fm,available,69.98,118.98,medium,low,9,namecheap,,,17/09/2026 21:07
10d81716-33bb-42bd-8ecf-05fbb18235e2,itu.fm,available,67.98,87.72,high,high,3,spaceship,,,28/09/2026 21:07
64a5b4fa-94c0-4328-989e-5e8a985d13cb,barnaby.fm,available,88.99,88.99,high,low,7,namesilo,,,03/10/2026 04:44
60e839f6-88bb-4f7d-9947-fb032fadf52c,jac.fm,premium,249.6,102,high,low,3,namesilo,,,01/10/2026 11:27
f507543f-f0b9-4a05-bc82-b9a4b47592c2,daytona.fm,available,67.98,87.72,high,low,7,spaceship,,,28/09/2026 04:21
e502a9c9-264a-477e-a4eb-a9a8e4bd5fb5,accidentally.fm,available,88.99,88.99,medium,low,12,namesilo,,,28/09/2026 03:20
b5563ec6-41be-403b-b8a4-83b39b8ca2f2,mahmud.fm,available,88.99,88.99,medium,low,6,namesilo,,,28/09/2026 22:18
4983a346-5295-403d-abda-fe3d93dfbad9,longitude.fm,available,67.98,87.72,high,low,9,spaceship,,,30/09/2026 03:11
8a2409d2-60ad-4682-a53e-bdecb992a3c1,unnoted.fm,available,69.98,118.98,medium,low,7,namecheap,,,04/09/2026 21:08
dec4dc4c-37fb-474d-bbe0-8e1491fd8407,palmerston.fm,available,88.99,88.99,medium,low,10,namesilo,,,28/09/2026 16:40
c91b2ea4-75a6-4208-9fa7-06ef158e14ea,zoomed.fm,available,88.99,88.99,medium,low,6,namesilo,,,18/09/2026 03:48
149641c7-2e88-4bf6-be61-53ddffa8b033,weakness.fm,available,69.98,118.98,medium,low,8,namecheap,,,17/08/2026 20:45
63802ffb-d226-41f0-be96-f1c82f33ab9b,portent.fm,available,69.98,118.98,medium,low,7,namecheap,,,09/09/2026 02:55
e55a53a7-a27e-4a19-aec2-849cade77ba9,marang.fm,available,88.99,88.99,high,low,6,namesilo,,,20/09/2026 12:01
4df81904-2340-45d1-b90e-ef0ca854c045,doubting.fm,available,69.98,118.98,medium,low,8,namecheap,,,14/08/2026 17:01
704673f4-4c8c-46c3-ba7f-63f6902ff3c6,periodically.fm,available,88.99,88.99,medium,low,12,namesilo,,,30/09/2026 14:44
794c1251-8254-4b96-baf9-f1f8b3c29815,belching.fm,available,88.99,88.99,medium,low,8,namesilo,,,23/09/2026 04:36
b8676ea2-fe29-48ad-8c37-b2f40d6ce653,empirical.fm,available,69.98,118.98,high,low,9,namecheap,,,16/08/2026 18:21
e69cf830-da25-4dfe-adc0-168e46013eb7,chevy.fm,available,69.98,118.98,high,low,5,namecheap,,,03/10/2026 01:11
eefb7485-7348-4efb-8a38-932062cd1d2d,lunchtime.fm,available,69.98,118.98,high,low,10,namecheap,,,01/10/2026 20:24
675fa563-145b-49b8-aa20-0c1b3dbc8c5f,purposely.fm,available,69.98,118.98,medium,low,9,namecheap,,,13/09/2026 17:36
dc3e0cd7-7508-49a6-a5bc-fb8ac8deab77,aphelion.fm,available,88.99,88.99,medium,low,8,namesilo,,,19/09/2026 16:55
2151371a-0dff-4dc2-b5a3-9fb48a3c2ffe,rhyming.fm,available,69.98,118.98,high,low,7,namecheap,,,09/09/2026 16:53
9659f2f7-f0c1-4320-a982-a3c2298dd142,burial.fm,available,88.99,88.99,medium,low,6,namesilo,,,24/09/2026 11:18
d386a00b-6757-4bae-8568-26147ca79c86,blyth.fm,available,88.99,88.99,medium,low,5,namesilo,,,29/09/2026 22:39
7058b3f7-08ff-4352-96b8-de4edf83af40,heroine.fm,available,88.99,88.99,high,low,7,namesilo,,,29/09/2026 07:16
7252e477-d766-4a2f-aa77-14236ddc3457,planetal.fm,available,69.98,118.98,medium,low,8,namecheap,,,08/09/2026 20:42
2827dc58-bd38-4e26-9612-099ec7692746,trumpery.fm,available,69.98,118.98,medium,low,8,namecheap,,,18/08/2026 23:50
9c0bdccd-5ea6-4bfd-b45f-8731c2395f15,wreath.fm,available,88.99,88.99,high,low,6,namesilo,,,30/09/2026 16:41
6defbba8-e74c-45f7-bda5-3134d605f9d8,award.fm,available,88.99,88.99,high,low,5,namesilo,,,27/09/2026 06:31
d080034d-4cee-43fd-9db9-43fb62916d27,auschwitz.fm,available,88.99,88.99,medium,low,9,namesilo,,,21/09/2026 04:35
ac4114c5-7d6c-47b8-bc26-1ce0ad78a9f5,occurrence.fm,available,88.99,88.99,high,low,10,namesilo,,,25/09/2026 23:56
49858315-80e4-42d3-b98c-bfacc838cefd,fitzgerald.fm,available,88.99,88.99,high,low,10,namesilo,,,25/09/2026 05:15
69e1c3f7-8c92-49a7-a2ae-97f007a14b39,lotic.fm,available,69.98,118.98,medium,low,5,namecheap,,,24/08/2026 10:00
91e13c07-99f7-41e3-892f-6ef46bc40f04,megan.fm,available,69.98,118.98,medium,low,5,namecheap,,,26/09/2026 03:31
3969135f-95db-4af6-ab24-803d5d541d94,constantine.fm,available,69.98,118.98,high,low,11,namecheap,,,25/09/2026 14:18
919ba4ca-e652-4cce-9e80-5600fa323f2f,washy.fm,available,69.98,118.98,medium,low,5,namecheap,,,10/08/2026 13:56
1ea16617-29e2-450d-af88-eaa3dc593ccf,absolutist.fm,available,69.98,118.98,high,low,10,namecheap,,,
e644a846-4ca4-4425-a554-0d6cbcbe9ba0,lacing.fm,available,69.98,118.98,medium,low,6,namecheap,,,13/09/2026 11:13
43244274-3766-4df2-8bfc-afca35e2856f,forgo.fm,available,69.98,118.98,high,low,5,namecheap,,,18/08/2026 11:51
56481f52-9e6e-40e3-af2e-2038032cad93,shit.fm,premium,1293.5,110.5,high,medium,4,namecheap,,,22/09/2026 18:05
bc2ea19f-8066-4f0c-8df7-5bd7f1a932fb,tomboy.fm,available,99,,high,low,7,name.com,,,
e51eba40-e630-4ce4-bc21-c08887ffe673,beavers.fm,available,67.98,87.72,medium,low,7,spaceship,,,02/10/2026 22:26
b2229fec-fd2d-4313-9553-f71a0693dddc,flawed.fm,available,69.98,118.98,medium,low,6,namecheap,,,18/08/2026 07:18
98c5681e-898b-43e7-a53d-81535591dc7d,lorna.fm,available,87.85,87.85,medium,low,5,porkbun,,,29/09/2026 15:29
447742ed-9b39-4d0b-8894-67c3afd25cf7,noncommercial.fm,available,69.98,118.98,medium,low,13,namecheap,,,02/10/2026 07:38
0e6a88ec-3c61-4552-90f2-046855d4a203,deliveries.fm,available,88.99,88.99,medium,low,10,namesilo,,,29/09/2026 11:38
9e60feb5-bba3-43b6-910d-cf57ff9b05be,higgins.fm,available,99,160.99,high,low,7,name.com,,,25/09/2026 13:27
1bc7c1d6-05fc-4af6-9095-25e8ad49e828,speakable.fm,available,69.98,118.98,high,medium,9,namecheap,,,10/09/2026 15:22
0c0cf272-8048-4d26-a88d-15c4cadcd73d,jib.fm,available,88.99,88.99,high,low,3,namesilo,,,21/09/2026 22:10
b7f0e0cc-b64d-4ae2-b70a-25672cff23a4,anthurium.fm,available,88.99,88.99,high,low,9,namesilo,,,19/09/2026 13:58
91795af8-4e10-4123-b0bf-ff3e0e17ecd9,nude.fm,premium,1243.75,160.99,high,low,4,name.com,,,07/08/2026 16:15
66c64c66-5c10-474c-90f8-d17ff5f41f21,southall.fm,available,67.98,87.72,medium,low,8,spaceship,,,02/10/2026 21:15
74854d43-9ec4-40f8-8241-faa144100ba5,adlumia.fm,available,88.99,88.99,medium,low,7,namesilo,,,17/09/2026 08:37
efc6b5d1-6423-4a00-99e6-38782331436f,provident.fm,available,69.98,118.98,high,low,9,namecheap,,,09/09/2026 04:35
762a1196-8fe3-46fb-9b3d-4a3a131f1484,arteries.fm,available,88.99,88.99,medium,low,8,namesilo,,,30/09/2026 06:28
5d3df6c8-fe77-4295-986f-0ded717f5903,primaries.fm,available,85,85,medium,low,9,cloudflare,,,02/10/2026 12:50
c3d583e4-40de-468d-94a6-ae0b952b987b,figuring.fm,available,85,85,high,low,8,cloudflare,,,29/09/2026 12:20
81a528fc-23da-4a88-aa93-817c13b8199d,floods.fm,available,69.98,118.98,low,low,6,namecheap,,,18/09/2026 19:03
047a85e5-c12a-462b-ab7c-a086ab499814,migrate.fm,available,67.98,87.72,high,low,7,spaceship,,,30/09/2026 20:34
a453ad6a-78d4-4146-a89e-de9ad7eed1ff,boarded.fm,available,85,85,high,low,7,cloudflare,,,01/10/2026 23:19
3899ec40-ad8f-4709-bbff-46206f38b6e2,handed.fm,available,69.98,118.98,medium,low,6,namecheap,,,20/08/2026 23:25
d56bcd05-47ee-4dbc-a61e-f41b6b032371,travels.fm,premium,1273.6,102,high,low,7,namesilo,,,17/09/2026 06:44
602b5bec-6a91-4d58-8168-ddc57c933db4,superhero.fm,premium,253.5,110.5,high,low,9,namecheap,,,16/09/2026 20:24
161a72f6-72dd-47ae-93f1-9751ed457443,alexey.fm,available,87.85,87.85,high,low,6,porkbun,,,02/10/2026 21:00
4904f756-7c54-49a7-98b2-025be84bb667,beauties.fm,available,67.98,87.72,medium,low,8,spaceship,,,30/09/2026 23:49
f69c166a-f940-40d8-b962-8fd89c317a0b,fall.fm,available,69.98,118.98,high,low,4,namecheap,,,28/09/2026 09:35
1f4bc889-65f4-4257-902f-3a63c3b71a37,zovirax.fm,available,88.99,88.99,medium,low,7,namesilo,,,17/09/2026 05:42
9e82933f-c3e8-45eb-b343-e3fd517ff295,expressway.fm,available,88.99,88.99,high,low,10,namesilo,,,30/09/2026 17:16
ae63004f-3493-40fe-bffe-4d461a530986,popularity.fm,available,88.99,88.99,high,low,10,namesilo,,,28/09/2026 10:44
07316a02-8620-4d9f-b977-e9d7e0b1ca89,complication.fm,available,88.99,88.99,medium,low,12,namesilo,,,29/09/2026 23:25
94b3193b-daaa-47e0-8026-d727742f7ca8,jumping.fm,available,69.98,118.98,high,low,7,namecheap,,,08/09/2026 06:49
00d26087-3b37-4504-a768-525d6d83cc86,arugula.fm,available,69.98,118.98,medium,low,7,namecheap,,,20/09/2026 12:10
8a2a2aac-1a79-4922-a0a3-b568fa71a871,nigger.fm,available,69.98,118.98,high,medium,6,namecheap,,,29/09/2026 19:25
66079e9b-0ad1-4a31-ac6f-706fafb28a12,clifton.fm,available,69.98,118.98,medium,low,7,namecheap,,,25/09/2026 19:29
e0a74c3a-b30b-4c7e-8d0e-b65d80935c40,rapper.fm,premium,213.18,93.1,high,low,6,porkbun,,,30/09/2026 09:22
5f6f071b-dfce-4d16-9a86-e644abd5657d,hardest.fm,available,88.99,88.99,low,low,7,namesilo,,,28/09/2026 12:52
566168db-df88-40e0-a24b-00526b0dbd44,sesotho.fm,available,88.99,88.99,medium,low,7,namesilo,,,22/09/2026 13:00
0d464278-99e6-4a63-a8e4-a8c22d04e225,clan.fm,available,69.98,118.98,high,low,4,namecheap,,,22/08/2026 16:05
2d5e7ba5-0a38-44d1-91de-463ad677cf59,available.fm,premium,243.75,160.99,high,low,9,name.com,,,22/09/2026 14:22
599daec5-f6cf-4dcc-8bbc-33347654f458,dignified.fm,available,88.99,88.99,high,low,9,namesilo,,,24/09/2026 08:18
f0e8879c-cb9a-4e78-8aba-02daecf0edbb,barkley.fm,available,88.99,88.99,high,low,7,namesilo,,,18/09/2026 02:32
a878c701-f76b-42ca-89fb-c69a7ef35f04,mond.fm,available,88.99,88.99,medium,low,4,namesilo,,,02/10/2026 23:20
624142fd-0901-40ac-acef-dc8ffebca2c9,muddled.fm,available,69.98,118.98,medium,low,7,namecheap,,,03/09/2026 10:22
cab67d6a-ec9b-43cf-9f17-3686af35d70c,prescription.fm,available,67.98,87.72,high,low,12,spaceship,,,02/10/2026 20:33
eeb98dd7-89e8-4a7e-95d5-55af9e7689c8,ashcan.fm,available,88.99,88.99,medium,low,6,namesilo,,,20/09/2026 13:35
458e4d6f-ba57-475a-9b1d-c38130e293ec,moran.fm,available,69.98,118.98,high,low,5,namecheap,,,25/09/2026 14:09
f7497c80-2b97-499b-93f1-17e087a00828,shitlist.fm,available,88.99,88.99,medium,low,8,namesilo,,,24/09/2026 00:19
ad2df422-efef-4eda-a77b-cee90d79146a,doubts.fm,available,87.85,87.85,low,low,6,porkbun,,,28/09/2026 04:45
76033665-4627-4541-9d17-d363bb0d6339,finlay.fm,available,88.99,88.99,medium,low,6,namesilo,,,29/09/2026 15:27
cc0edf9c-6774-425d-97e1-862c30da2dfe,monatomic.fm,available,69.98,118.98,medium,low,9,namecheap,,,25/08/2026 04:12
9ea790b7-0667-46d5-8dee-18228fbe739e,least.fm,premium,249.6,102,high,low,5,namesilo,,,25/09/2026 13:24
ab03bc10-93a8-4709-9708-31bf2087f9a4,ellery.fm,available,85,85,medium,low,6,cloudflare,,,30/09/2026 13:23
ac340d98-41cf-474f-b153-391b083f7faf,algernon.fm,available,87.85,87.85,medium,low,8,porkbun,,,30/09/2026 21:13
2bbccd9a-063f-454d-813c-ed133e3e0dc3,pilar.fm,available,69.98,118.98,high,medium,5,namecheap,,,08/09/2026 19:37
6948d875-5578-43f1-8395-a60d00ceab74,observing.fm,available,69.98,118.98,high,low,9,namecheap,,,04/09/2026 00:01
afc46f7b-7ecf-4c6a-88a3-e6ec3eb19650,poetically.fm,available,69.98,118.98,medium,low,10,namecheap,,,15/09/2026 20:51
b15fdaf9-4172-4fcc-8eab-b4e29a8193fe,verbally.fm,available,88.99,88.99,medium,low,8,namesilo,,,16/09/2026 10:50
0178de98-ae9b-4e99-a832-87d2cd10e8ad,kraus.fm,available,85,85,medium,low,5,cloudflare,,,29/09/2026 03:34
faabf8cb-067b-4d16-96cf-ea572f109e7c,socorro.fm,available,88.99,88.99,medium,low,7,namesilo,,,30/09/2026 21:57
2c4cd5f8-edf8-4449-a33a-60f15519f8f7,toss.fm,available,69.98,118.98,high,low,4,namecheap,,,18/08/2026 08:30
732ff28e-63da-431f-a206-62840abe9095,argo.fm,available,88.99,88.99,high,low,4,namesilo,,,20/09/2026 04:30
029f11dd-3d2a-424a-b01b-da5e8190e423,clovis.fm,available,88.99,88.99,medium,low,6,namesilo,,,29/09/2026 00:26
01689f43-35c9-4731-a523-62b320da4076,leagues.fm,available,67.98,87.72,medium,low,7,spaceship,,,29/09/2026 11:01
bb5b5367-027f-4665-81ac-6e8b35d6c35f,abbreviation.fm,available,67.98,87.72,medium,low,12,spaceship,,,01/10/2026 12:48
1bc7fc63-fe4a-4c87-ad39-aaf0f318c4a9,laminar.fm,available,69.98,118.98,high,low,7,namecheap,,,22/08/2026 19:07
538e9043-1e16-4b12-a86e-94e1fd011817,sounded.fm,available,88.99,88.99,medium,low,7,namesilo,,,
2b474aca-846f-4ab0-b4bc-6c466511d951,accentor.fm,available,88.99,88.99,medium,low,8,namesilo,,,16/09/2026 21:58
5075f93a-26d8-4c39-b294-63992bb01534,critter.fm,available,69.98,118.98,high,low,7,namecheap,,,24/09/2026 19:33
0b0bcad0-84d4-4cb2-9d45-c3b7d44ad73f,sighs.fm,available,67.98,87.72,medium,low,5,spaceship,,,30/09/2026 00:18
97f5d0a3-d554-4aa6-b08b-4e6abaf3192c,acrobatic.fm,available,69.98,118.98,high,low,9,namecheap,,,
70b2c0ec-f456-457f-8609-e60cce9879cb,aspinwall.fm,available,88.99,88.99,medium,low,9,namesilo,,,20/09/2026 15:18
783b64c5-0c32-48e7-b279-4c6ed7439286,culturally.fm,available,69.98,118.98,medium,low,10,namecheap,,,14/09/2026 09:57
2a889d2f-d4b6-4239-b7df-543d9b916274,sunburn.fm,available,69.98,118.98,high,low,7,namecheap,,,11/09/2026 07:53
6d577d44-eafe-4702-8c60-1b2fd794c6de,freaking.fm,available,85,85,medium,low,8,cloudflare,,,01/10/2026 05:49
0e938fd4-91f1-413e-a53a-4b9f98ee97a0,backing.fm,available,88.99,88.99,high,low,7,namesilo,,,21/09/2026 15:39
7c1ca91d-9ec6-4024-8bb8-79f728491a84,shuttle.fm,premium,214.5,89.25,high,low,7,dynadot,,,27/09/2026 15:53
3a361ab8-4cfc-4382-b5a9-d1d50bee180d,linde.fm,available,68.25,89.25,high,high,5,dynadot,,,01/10/2026 00:27
e231a392-7a23-4fa5-b79c-2edacf10c1b8,benefits.fm,available,88.99,88.99,medium,low,8,namesilo,,,27/09/2026 23:08
82c44f3c-198f-4ade-8224-6e0d96efcd3a,torment.fm,available,69.98,118.98,medium,low,7,namecheap,,,14/08/2026 21:14
b35b884a-289d-45bf-954c-4dd3a927afa4,beanbag.fm,available,69.98,118.98,high,low,7,namecheap,,,22/09/2026 20:20
8b02fcb6-42c8-4c55-a9f8-ffc3e151397d,coalesced.fm,available,69.98,118.98,medium,low,9,namecheap,,,
2ab581e4-58b3-4a2d-8c07-4dfe9685927b,installment.fm,available,85,85,high,low,11,cloudflare,,,30/09/2026 19:52
9ec279ef-50d4-4c10-81b8-4a891f068152,sufferer.fm,available,69.98,118.98,medium,low,8,namecheap,,,24/09/2026 22:36
d18a6247-320a-46a9-9f0f-c02a08ec628d,amiably.fm,available,69.98,118.98,medium,low,7,namecheap,,,13/09/2026 17:50
4ff6398e-35bb-4c77-b10f-0af4b910343e,charily.fm,available,69.98,118.98,medium,low,7,namecheap,,,14/09/2026 06:17
5efadf46-9a2a-41d7-995d-40903dd0556b,intermedia.fm,available,85,85,high,low,10,cloudflare,,,01/10/2026 15:25
a26c81d6-bf4d-4aff-97ba-5057611c5afb,hardman.fm,available,67.98,87.72,medium,low,7,spaceship,,,02/10/2026 21:07
474e81bd-f7fb-4baf-ab00-3d706eaa9396,alabaster.fm,available,69.98,118.98,high,low,9,namecheap,,,
277f5b71-74d2-4764-a84a-62ce6f512ef1,preanal.fm,available,69.98,118.98,high,medium,7,namecheap,,,09/09/2026 01:09
be21954f-14d8-4686-9829-dbfedb72bd13,scottsdale.fm,available,69.98,118.98,high,low,10,namecheap,,,29/09/2026 15:25
e08aaf8a-0f46-4af7-8ca6-12759b86445d,shoebird.fm,available,69.98,118.98,medium,low,8,namecheap,,,21/09/2026 20:37
846173bc-ce77-471e-8b99-c3075ef20a8a,candlelight.fm,premium,,,high,low,11,,,,02/10/2026 21:43
da015fd7-29b0-427f-9bce-c75d3adbca64,monaural.fm,available,69.98,118.98,high,low,8,namecheap,,,25/08/2026 04:20
3ccfb651-71c7-4737-8eca-87cf3ac94c02,felt.fm,available,69.98,118.98,high,low,4,namecheap,,,25/09/2026 18:07
f3dfada9-e220-4036-8354-48cd5ff22af8,chaff.fm,available,69.98,118.98,medium,low,5,namecheap,,,22/08/2026 13:50
9f385138-7d6b-47ce-aa64-9da29cb9c79d,goonie.fm,available,88.99,88.99,medium,low,6,namesilo,,,23/09/2026 23:45
6912e806-5042-49d3-a3be-6b82005ac60f,hexagonal.fm,available,69.98,118.98,medium,low,9,namecheap,,,21/08/2026 07:50
f7daafbd-7346-4f82-8a55-9eddb85ac6cc,eviction.fm,available,88.99,88.99,high,low,8,namesilo,,,24/09/2026 17:35
7c59d546-2609-4efb-8471-71ef0d993da8,yonkers.fm,available,67.98,87.72,medium,low,7,spaceship,,,02/10/2026 19:44
be2fcf62-c9eb-4131-af66-292d6111d0bd,mexicana.fm,available,85,85,high,low,8,cloudflare,,,29/09/2026 09:18
a9c4dab5-42c4-498e-b79c-8f94c122cbeb,inefficient.fm,available,69.98,118.98,medium,low,11,namecheap,,,01/10/2026 22:26
95a1ba3a-60ae-49fb-8c5b-73468ab027b1,estimates.fm,available,69.98,118.98,medium,low,9,namecheap,,,20/09/2026 04:10
c58347ba-7a1c-413f-a45d-7c454a762531,lured.fm,available,67.98,87.72,medium,low,5,spaceship,,,01/10/2026 18:14
484c2431-aac0-49d0-8a2f-fae521dec573,pdp.fm,available,87.85,87.85,high,low,3,porkbun,,,28/09/2026 21:36
b0a44e78-11a2-4b64-aede-667afbce4915,rehabs.fm,available,88.99,88.99,medium,low,6,namesilo,,,20/09/2026 09:43
994649cb-a847-4f4a-9682-081d4a8b8c5d,swindon.fm,available,88.99,88.99,medium,low,7,namesilo,,,30/09/2026 13:15
13e49ca7-785c-4bac-8d90-ec19a395b8d8,gotha.fm,available,67.98,87.72,medium,low,5,spaceship,,,30/09/2026 13:38
9fba3a44-6e94-4616-9620-7e2d84629ef3,extinction.fm,available,67.98,87.72,high,low,10,spaceship,,,29/09/2026 13:38
4d117ab6-c4e7-46ba-bf2f-fbcff129d9de,syllabic.fm,available,69.98,118.98,high,low,8,namecheap,,,11/09/2026 05:58
06665fe0-c3b3-488b-a295-56fb176b7cd4,emc.fm,available,85,85,high,low,3,cloudflare,,,01/10/2026 16:30
2924bd9f-9bae-418c-b6e1-cbe4247546f7,cheeky.fm,premium,243.75,160.99,high,low,6,name.com,,,11/08/2026 02:26
82d50529-a23f-4d99-b6d8-6b2501289f8d,sanative.fm,available,69.98,118.98,medium,low,8,namecheap,,,
a70d8d56-a7b3-4f00-adc3-5057ae3ae942,consultancy.fm,available,67.98,87.72,high,low,11,spaceship,,,02/10/2026 21:46
40d80089-63cb-427d-843e-6acc3a4631b7,chapped.fm,available,69.98,118.98,medium,low,7,namecheap,,,12/08/2026 02:20
7d3e4a5e-be85-406b-a9c6-6b1798edcfbf,differently.fm,available,88.99,88.99,medium,low,11,namesilo,,,26/09/2026 03:11
48b7174f-e5ee-4a2b-8809-a23577377844,iatrogenic.fm,available,69.98,118.98,medium,low,10,namecheap,,,21/08/2026 17:30
8cbe1069-7e36-44c1-b855-2796ca65d9cb,feldman.fm,available,85,85,medium,low,7,cloudflare,,,27/09/2026 20:17
d933634b-d2cf-474f-aa1c-dc211d550f47,prow.fm,available,69.98,118.98,medium,low,4,namecheap,,,18/08/2026 11:28
1922aa50-16ea-4842-ac4d-f828b4579423,azonic.fm,available,69.98,118.98,medium,low,6,namecheap,,,08/08/2026 02:32
b99a72c8-1988-4502-badf-6216fc692778,aeration.fm,available,88.99,88.99,high,low,8,namesilo,,,17/09/2026 12:46
4954dc32-3811-4319-a3bf-8b95c562fc29,inclined.fm,available,68.25,89.25,medium,low,8,dynadot,,,28/09/2026 21:12
7ba1636c-1aa6-49b0-ad09-78759181a3a6,lxiv.fm,available,69.98,118.98,medium,low,4,namecheap,,,
aa03d347-e8f3-4d37-a5c9-98a5970677ba,emmanuel.fm,available,88.99,88.99,medium,low,8,namesilo,,,27/09/2026 03:07
629fd25b-9cbf-4c82-88f3-06ee79d65735,plutonium.fm,available,88.99,88.99,high,low,9,namesilo,,,21/09/2026 00:12
070257d2-e249-45cf-b212-cc8f7eb514cd,institute.fm,available,88.99,88.99,high,low,9,namesilo,,,28/09/2026 06:02
5925d2c7-41da-4d86-97f2-c758236bf6c2,tubular.fm,premium,243.75,160.99,medium,low,7,name.com,,,11/08/2026 17:14
c2399e77-db4f-40d7-b7c4-52e0b8617c88,embrace.fm,available,69.98,118.98,high,low,7,namecheap,,,29/09/2026 17:59
4c62104d-9431-43f0-b7b6-862344daa1e3,josie.fm,available,88.99,88.99,high,low,5,namesilo,,,29/09/2026 21:56
d3a35e64-6f68-4d2b-a536-93f230d56f24,adipose.fm,available,69.98,118.98,medium,low,7,namecheap,,,
8c13c212-ed29-45b4-9d19-d01fcff583e2,spouses.fm,available,67.98,87.72,medium,low,7,spaceship,,,02/10/2026 01:55
dc707dd9-4e2f-485a-87ab-ea163f1753d8,retrovir.fm,available,88.99,88.99,medium,low,8,namesilo,,,21/09/2026 11:31
b65c2142-6518-42bc-bc88-dfc3f23378b4,colombia.fm,resell,,,high,high,8,Blacknight Internet Solutions Ltd.,09/09/2015 23:59,09/09/2027 23:59,26/09/2026 05:07
e9dd25ba-9137-446b-ab3c-0d7d88ef4d65,conventionally.fm,available,99,,medium,low,14,name.com,,,
a5ba75af-2d7e-4915-99b1-1a74def21fbe,critic.fm,premium,249.6,102,high,low,6,namesilo,,,29/09/2026 12:01
4ed22616-46df-4722-894c-e6288f2c7b2e,orphanage.fm,available,85,85,medium,low,9,cloudflare,,,28/09/2026 10:38
43211294-f15c-4832-8844-953b44034188,naseby.fm,available,88.99,88.99,medium,low,6,namesilo,,,22/09/2026 15:31
68c12f45-c3f9-4220-9bdf-1ede09176fd7,hearable.fm,available,69.98,118.98,medium,low,8,namecheap,,,07/08/2026 16:35
2d58295d-41d5-4ce1-b43e-b95f0d1f9847,taker.fm,available,67.98,87.72,high,low,5,spaceship,,,02/10/2026 16:55
cc4b9efd-0418-403a-8ff4-8029dc98314e,alienor.fm,available,88.99,88.99,medium,low,7,namesilo,,,18/09/2026 07:41
35c4d4f2-44d3-4bdb-ba6b-947a3dc67b86,cosher.fm,available,69.98,118.98,medium,low,6,namecheap,,,13/08/2026 02:47
622645f5-a653-4774-a090-324bd07cd5d4,hostile.fm,available,88.99,88.99,medium,low,7,namesilo,,,25/09/2026 00:05
8c6c34d6-8492-4cda-a1d4-57de30d67955,bds.fm,available,88.99,88.99,high,low,3,namesilo,,,30/09/2026 05:27
37afa6fe-3960-4cd6-ba0f-4975e2d2d5e2,shute.fm,available,85,85,medium,low,5,cloudflare,,,02/10/2026 16:11
d4a82c63-7cc2-4494-9328-ea6a5844a8c9,tyres.fm,available,69.98,118.98,medium,low,5,namecheap,,,20/09/2026 19:00
608ea1e3-1f45-42b7-8ce0-7ceea237535f,bca.fm,available,87.85,87.85,high,low,3,porkbun,,,02/10/2026 08:48
198df84b-ca49-4c4b-aee1-b34eed923107,dermal.fm,available,99,160.99,high,low,6,name.com,,,13/08/2026 13:00
2732453e-8299-43dd-b923-cc82d0746e4c,gordian.fm,available,69.98,118.98,medium,low,7,namecheap,,,20/08/2026 17:03
8fa2840b-8f78-4c4d-93ea-601734197456,parasites.fm,available,88.99,88.99,medium,low,9,namesilo,,,29/09/2026 22:54
079188be-def3-46e2-9954-1763d864e6ee,arises.fm,available,67.98,87.72,low,low,6,spaceship,,,30/09/2026 07:05
45e8733e-8cce-41e9-8190-e4b9a58c5b81,guarantees.fm,available,67.98,87.72,medium,low,10,spaceship,,,29/09/2026 11:28
9533510c-9049-46c7-8710-b72ab3b5e003,comm.fm,available,67.98,87.72,high,low,4,spaceship,,,01/10/2026 22:44
b26a2e67-3804-4e29-8a5e-d52f3b54e7c1,mersey.fm,available,85,85,high,low,6,cloudflare,,,30/09/2026 13:10
0e01af1a-79e1-486c-ba88-888a40ef92ba,wwii.fm,available,67.98,87.72,medium,low,4,spaceship,,,28/09/2026 07:36
1466d386-d4e9-4e90-acf3-c10bbdd21638,waved.fm,available,69.98,118.98,high,low,5,namecheap,,,30/09/2026 03:45
b362cc3d-aa68-4948-b8d9-2adb5a5c423b,pendulous.fm,available,69.98,118.98,medium,low,9,namecheap,,,12/08/2026 00:50
e366fd3a-1332-4418-bf2b-fb7792861c41,obamacare.fm,available,88.99,88.99,medium,low,10,namesilo,,,
029a7e83-2abd-4257-9820-2e6f1a895d04,grandmothers.fm,available,69.98,118.98,medium,low,12,namecheap,,,20/09/2026 18:06
75f84414-5ba2-4017-bf43-1383d0fdd4ef,bhang.fm,available,88.99,88.99,medium,low,5,namesilo,,,23/09/2026 12:34
874af34a-1dfe-4641-8e8b-04d098a20850,screened.fm,available,87.85,87.85,medium,low,8,porkbun,,,30/09/2026 00:45
4ef4c16c-c165-4f4b-9cfd-302fe431abe9,abampere.fm,available,88.99,88.99,medium,low,8,namesilo,,,16/09/2026 13:54
adbdbe30-66db-4d2d-bf71-6d03c9457eda,hornsby.fm,available,67.98,87.72,medium,low,7,spaceship,,,01/10/2026 09:27
be01c68b-8888-4d44-9112-655367122276,mesonic.fm,available,69.98,118.98,medium,low,7,namecheap,,,24/08/2026 21:09
f712921e-d856-48b4-b5ac-f71166121afb,dissertation.fm,available,85,85,high,low,12,cloudflare,,,30/09/2026 03:22
3f0c74df-e18d-4006-a553-2a9d908d750d,imprecise.fm,available,69.98,118.98,medium,low,9,namecheap,,,21/08/2026 23:00
7ed71100-4618-4334-a955-d1ca06c48954,importance.fm,available,85,85,high,low,10,cloudflare,,,29/09/2026 21:24
896d39b5-7458-45d3-a0ac-9af21ba41f51,unsubtle.fm,available,69.98,118.98,medium,low,8,namecheap,,,12/09/2026 20:46
235844aa-1388-4c35-bb05-18e2d60b286f,protein.fm,available,69.98,118.98,high,low,7,namecheap,,,08/09/2026 08:51
08496770-974a-41e8-81a3-e00f1c13cf00,whitehall.fm,available,88.99,88.99,medium,low,9,namesilo,,,02/10/2026 17:09
e34c9e11-c15d-46a6-a6be-32cb7b09d05e,leaden.fm,available,69.98,118.98,medium,low,6,namecheap,,,22/08/2026 21:44
266d8d82-d799-4599-af3d-c58bcc1981ca,holden.fm,available,67.98,87.72,high,low,6,spaceship,,,28/09/2026 16:09
e828de0c-228b-4957-8bae-da668cead5d9,inflammatory.fm,available,68.25,89.25,medium,low,12,dynadot,,,29/09/2026 21:18
32729d7a-bad8-457d-9d21-ca52a90a6fff,hallucination.fm,available,68.25,89.25,medium,low,13,dynadot,,,02/10/2026 21:21
7ec56e54-23ec-4f3b-a4c5-2ea46ff68ff2,marking.fm,available,85,85,high,low,7,cloudflare,,,29/09/2026 07:33
f49157ec-68ac-4c18-ad54-bdde24161c5b,completing.fm,available,88.99,88.99,high,low,10,namesilo,,,23/09/2026 17:20
00654e50-e27a-4f6a-8ae9-a0a131ea1a34,barnburner.fm,available,69.98,118.98,medium,low,10,namecheap,,,22/09/2026 06:49
d74bd3af-0b97-4acc-89ce-27c510a349cd,theropod.fm,available,69.98,118.98,medium,low,8,namecheap,,,23/09/2026 19:39
82068cd1-42de-4c7e-a8d9-fc80adce3a44,lutz.fm,available,88.99,88.99,medium,low,4,namesilo,,,28/09/2026 15:40
07f6769c-335a-4c38-911b-092675454dbd,outfits.fm,available,69.98,118.98,medium,low,7,namecheap,,,28/09/2026 23:41
df5e1bc5-1a6c-4a68-9a3e-b2ab279d9021,crenshaw.fm,available,88.99,88.99,high,low,8,namesilo,,,30/09/2026 04:24
254cc1e5-6718-4752-b856-b3ba076fad20,vertically.fm,available,99,160.99,medium,low,10,name.com,,,16/09/2026 10:53
adc6895f-f4d0-4035-ab91-a2d35804737e,milan.fm,premium,249.6,102,high,low,5,namesilo,,,29/09/2026 07:37
8189c506-c98c-46f7-9327-edacf1231c26,sardinia.fm,available,67.98,87.72,high,low,8,spaceship,,,03/10/2026 02:01
5166daf3-87fa-4504-908d-e829c2afc958,pampering.fm,available,69.98,118.98,high,low,9,namecheap,,,05/09/2026 00:29
deac68dc-2d33-406f-90d9-986b8520044d,ppt.fm,available,88.99,88.99,high,low,3,namesilo,,,03/10/2026 04:14
e735582f-1c01-4228-b902-fc929fd05460,alberta.fm,available,69.98,118.98,high,low,7,namecheap,,,18/09/2026 02:45
7b7a7201-b161-4ae8-93d5-7036d3c0cb8d,destined.fm,available,88.99,88.99,high,low,8,namesilo,,,24/09/2026 06:55
482bf06b-d038-43ef-84be-41f1e3da6493,francesca.fm,available,67.98,87.72,high,low,9,spaceship,,,02/10/2026 06:33
111ef21a-7a30-40e7-a2ae-426e3d68bd9e,pinstriped.fm,available,69.98,118.98,high,medium,10,namecheap,,,08/09/2026 19:51
12f9ad1f-6b99-4d50-a2c5-216a0281627b,aback.fm,available,69.98,118.98,high,low,5,namecheap,,,13/09/2026 16:07
268f0348-d60a-4d35-b187-d1db535a81bb,overmuch.fm,available,69.98,118.98,medium,low,8,namecheap,,,04/09/2026 21:13
fe3260b2-c145-4d68-8c8c-46ebee11157c,manipulated.fm,available,85,85,medium,low,11,cloudflare,,,29/09/2026 16:09
92b15d5a-f480-45b1-83ca-f6edc67a0874,polychrome.fm,available,69.98,118.98,high,low,10,namecheap,,,08/09/2026 23:11
b969ecc5-22ba-4705-8744-006becc855a3,anguine.fm,available,69.98,118.98,low,low,7,namecheap,,,
3ab92635-6285-4ae1-ade3-1e83f75954d4,stuyvesant.fm,available,67.98,87.72,high,low,10,spaceship,,,29/09/2026 19:58
0d9de897-878f-4f47-92d5-619c5c7c99dd,bend.fm,available,69.98,118.98,high,low,4,namecheap,,,23/09/2026 07:40
5be5b8a5-8609-4c06-b5e4-1d83ba12da46,twopenny.fm,available,69.98,118.98,medium,low,8,namecheap,,,10/09/2026 09:10
f2eb1c15-7bdb-4f0b-90eb-842f3f209e95,pabulum.fm,available,69.98,118.98,medium,low,7,namecheap,,,12/08/2026 18:49
85915f34-d3b4-4b22-a392-51dff0e78e39,mould.fm,available,99,160.99,medium,low,5,name.com,,,24/09/2026 15:22
6c0290b2-9c10-4ac1-a890-fe9ac5942024,wry.fm,available,69.98,118.98,high,low,3,namecheap,,,22/08/2026 10:08
3f76a5ff-0dea-495f-8b15-22c914d77da6,thales.fm,available,88.99,88.99,high,low,6,namesilo,,,01/10/2026 21:55
ff7c35de-f07b-435f-95cf-bb58c1f5c73b,semipublic.fm,available,69.98,118.98,medium,low,10,namecheap,,,10/09/2026 03:17
73f59020-76ae-4b61-ac5c-dcaf358c1297,elfish.fm,available,69.98,118.98,medium,low,6,namecheap,,,16/08/2026 03:41
16b5fd81-6db0-4850-8fef-51bad5876616,crypt.fm,premium,253.5,110.5,high,low,5,namecheap,,,24/09/2026 19:58
c78dd203-a8d1-4f87-9d04-111a1c8c761a,reminder.fm,available,67.98,87.72,high,low,8,spaceship,,,28/09/2026 18:51
50f8e117-4dbf-4a86-bf1a-af7897d49cec,morocco.fm,premium,249.6,102,high,high,7,namesilo,,,25/09/2026 12:12
a499b994-4474-4341-af41-692d3912914e,leggy.fm,available,69.98,118.98,medium,low,5,namecheap,,,22/08/2026 22:57
a9f76dbe-fe9c-492c-b162-2cb75ab5456f,xml.fm,premium,1273.6,102,medium,low,3,namesilo,,,27/09/2026 02:25
9df66e85-4fd5-41d9-8fd6-a3ec2e381cef,psl.fm,available,68.25,89.25,high,low,3,dynadot,,,02/10/2026 07:57
59343fd0-1ba6-4b3d-bd82-0622d33ff9f9,seagirt.fm,available,69.98,118.98,medium,low,7,namecheap,,,10/09/2026 00:39
80c40b77-4021-4483-a6e6-ac15204d30d3,henan.fm,available,88.99,88.99,medium,low,5,namesilo,,,29/09/2026 15:30
b7a48f91-6869-4ca6-ba66-ba7839ada479,bonny.fm,available,69.98,118.98,medium,low,5,namecheap,,,10/08/2026 18:45
2d2f4cee-6a4f-4384-9273-3468c6328122,convey.fm,available,67.98,87.72,high,low,6,spaceship,,,29/09/2026 06:20
5788083f-e6c1-42c6-b61b-3dd527ff1019,supplicant.fm,available,69.98,118.98,medium,low,10,namecheap,,,11/09/2026 03:28
e3a93298-a7b1-4715-a906-6b933125670b,supermarkets.fm,available,85,85,medium,low,12,cloudflare,,,02/10/2026 03:57
4fc752ee-2a0f-49f2-9d55-93b790f1c942,palmy.fm,available,69.98,118.98,medium,low,5,namecheap,,,10/08/2026 19:15
9c64a157-4217-4706-a73d-97a81cba52d4,emil.fm,available,88.99,88.99,high,low,4,namesilo,,,25/09/2026 15:33
25ec88f5-dc48-4deb-8519-ff5a078b9467,stud.fm,available,88.99,88.99,high,low,4,namesilo,,,24/09/2026 23:35
353abd43-5602-44ad-ba74-9ead975b0896,boned.fm,available,69.98,118.98,medium,low,5,namecheap,,,10/08/2026 18:34
80ce9930-fe87-4a81-997d-be5e41446919,deathbed.fm,available,67.98,87.72,medium,low,8,spaceship,,,03/10/2026 00:26
bfcdb084-83d0-4478-baee-c120c0f92ae8,enduring.fm,available,69.98,118.98,high,low,8,namecheap,,,
f809f70e-cd1a-402e-b4e8-46e3145fe740,capricorn.fm,available,88.99,88.99,high,low,9,namesilo,,,24/09/2026 12:40
43c05b88-97bf-4335-901d-c1aedfb2b63d,plume.fm,available,88.99,88.99,high,low,5,namesilo,,,03/10/2026 00:43
cc9f3de4-8d73-457a-a57f-dcc0ddf87cff,weedless.fm,available,69.98,118.98,medium,low,8,namecheap,,,13/09/2026 10:00
6d598ea3-51ce-4450-b7ae-ced3abb46e4d,mechanisms.fm,available,88.99,88.99,medium,low,10,namesilo,,,01/10/2026 16:08
1d2b3e01-35c3-4ec4-950e-2a8669805374,acad.fm,available,69.98,118.98,high,low,4,namecheap,,,29/09/2026 10:57
fbbc0f56-df03-4731-abb0-bb79247e7304,sadness.fm,available,85,85,high,low,7,cloudflare,,,30/09/2026 03:34
e307b8e6-d8a3-420e-9db2-9d88cb5d3a08,enrollments.fm,available,69.98,118.98,medium,low,11,namecheap,,,30/09/2026 16:24
c88fad51-1ff3-4d30-9fb9-6e8575e8beb8,autobahn.fm,available,88.99,88.99,high,low,8,namesilo,,,21/09/2026 05:50
b5d53a8f-70cc-41dd-a1e2-779677044c63,servers.fm,premium,201.83,87.98,high,low,7,spaceship,,,29/09/2026 17:57
721bc76b-c3d4-45c0-bd6f-8dd2bde9d9ef,melanesian.fm,available,69.98,118.98,high,low,10,namecheap,,,24/08/2026 19:29
eb02bb43-0fd3-4739-970a-dd8e609f754c,upbeat.fm,available,69.98,118.98,high,low,6,namecheap,,,04/09/2026 01:23
80e9c48b-6e17-4860-a65a-2547727e471d,vanquish.fm,available,69.98,118.98,high,low,8,namecheap,,,09/08/2026 05:32
e80cfbb7-fec4-40df-925b-3dca5d7ba58a,steffen.fm,available,67.98,87.72,high,low,7,spaceship,,,02/10/2026 18:29
1a8cee65-929c-4b77-9716-4a335034b59f,panties.fm,available,67.98,87.72,high,low,7,spaceship,,,29/09/2026 23:36
76eb8fe9-47c6-4b8a-bcd1-c6b62899c39f,barany.fm,available,88.99,88.99,medium,low,6,namesilo,,,22/09/2026 04:13
1efd356c-676f-4ee1-a3e0-e0e7b88e3efc,tracer.fm,available,67.98,87.72,high,low,6,spaceship,,,01/10/2026 04:03
305bfd7b-6e3b-4b48-b88f-cb371ed4300e,punish.fm,available,88.99,88.99,high,low,6,namesilo,,,27/09/2026 06:05
7130990f-014e-4be3-9ab3-4de9fc8f3655,moths.fm,available,88.99,88.99,medium,low,5,namesilo,,,30/09/2026 06:56
7ca8c9ef-419c-45cb-a07b-2090d2e7fd91,leaning.fm,available,69.98,118.98,high,low,7,namecheap,,,07/08/2026 13:24
572536b0-2294-48a6-a62c-b8609bc971a6,flightless.fm,available,69.98,118.98,medium,low,10,namecheap,,,18/08/2026 08:09
70962d5b-4960-44e6-a470-58551b07c3bc,monophonic.fm,available,69.98,118.98,high,low,10,namecheap,,,25/08/2026 04:55
72a6cda0-e933-4cf0-978c-a675f591b02a,aceh.fm,available,85,85,medium,low,4,cloudflare,,,01/10/2026 08:41
012b8292-f68b-4e52-b3fc-5ab34061c624,chaves.fm,available,88.99,88.99,medium,low,6,namesilo,,,02/10/2026 00:42
7a4a7344-df69-49c0-a1d8-e070c2d28da5,aleksandr.fm,available,87.85,87.85,medium,low,9,porkbun,,,28/09/2026 08:00
86e23005-54f5-47f0-9ae1-ac7a0549650f,handle.fm,available,69.98,118.98,high,low,6,namecheap,,,08/09/2026 13:26
0e854c86-83c0-45a9-a1f0-cb3e918713a3,childers.fm,available,85,85,medium,low,8,cloudflare,,,30/09/2026 13:42
57abf7b2-e5ec-4386-b481-35c824062b94,wants.fm,available,69.98,118.98,medium,low,5,namecheap,,,25/09/2026 17:58
fa8c94ac-7bb1-4b50-88c8-28803faafdeb,melodious.fm,available,69.98,118.98,high,low,9,namecheap,,,24/08/2026 19:38
8de358ae-c06a-4e41-8406-5a8997c5bb7a,junctions.fm,available,88.99,88.99,medium,low,9,namesilo,,,27/09/2026 03:20
022b2011-d2eb-4619-b266-931f5c7631fa,cbt.fm,available,87.85,87.85,high,low,3,porkbun,,,01/10/2026 15:54
38427713-d680-408d-b9f1-31d5f8a2dd52,sichuan.fm,available,67.98,87.72,medium,low,7,spaceship,,,28/09/2026 15:21
181d7655-b423-4964-aeda-92ab8aa941bc,ogden.fm,available,88.99,88.99,medium,low,5,namesilo,,,25/09/2026 03:51
eeec951a-a022-4458-b8d7-ed0aae5cb074,diner.fm,available,85,85,high,low,5,cloudflare,,,29/09/2026 05:07
5a0bf9b3-38c2-414b-b23a-5da40f5ddea3,supreme.fm,premium,305.33,87.98,high,medium,7,spaceship,,,28/09/2026 02:04
0518d7c7-e38a-4468-a390-f413d90b13cd,flashes.fm,available,85,85,medium,low,7,cloudflare,,,29/09/2026 10:47
f1817d6b-acf1-44c4-a8d8-90d48a5c9728,oncology.fm,available,88.99,88.99,high,low,8,namesilo,,,02/10/2026 16:15
19ca0de8-4764-4e23-8151-f6f054595bef,russet.fm,available,69.98,118.98,high,low,6,namecheap,,,09/09/2026 20:06
a2cd3757-f073-4977-8417-47647bf37e8a,gibson.fm,available,88.99,88.99,high,low,6,namesilo,,,18/09/2026 14:55
e60e9c9c-b134-4bce-83b1-37f9cfe014c8,cheap.fm,available,69.98,118.98,high,low,5,namecheap,,,23/09/2026 11:03
07ecf6f9-dcb7-47fe-afc5-49d20166f0cb,cambodian.fm,available,69.98,118.98,high,low,9,namecheap,,,11/08/2026 15:40
eee68856-799c-4f01-8da9-8ecca0a3b0cf,oysters.fm,available,88.99,88.99,medium,low,7,namesilo,,,20/09/2026 03:31
8dff15fb-c645-4e5b-a6d8-fde3413099f2,gospels.fm,available,87.85,87.85,high,low,7,porkbun,,,02/10/2026 04:45
3508dfbb-0e37-4db9-b9d0-70e432f2b30e,graduated.fm,available,69.98,118.98,high,low,9,namecheap,,,11/08/2026 14:18
e736816a-bef5-4105-97a3-eca7e92af3a1,prognostic.fm,available,69.98,118.98,high,medium,10,namecheap,,,09/09/2026 01:26
340dc6aa-3395-4be2-987e-09bab7a0a129,relics.fm,available,69.98,118.98,medium,low,6,namecheap,,,18/09/2026 20:08
d537db27-787f-49a5-b419-68e52c208fc2,intrusion.fm,available,88.99,88.99,medium,low,9,namesilo,,,29/09/2026 00:48
1c5e0650-7245-4cdb-ad7b-2ef0d7272e2f,overdone.fm,available,69.98,118.98,medium,low,8,namecheap,,,17/08/2026 15:34
40b6f9c3-0eb1-413e-bc1a-370ef2e5c9bf,spacial.fm,available,69.98,118.98,high,medium,7,namecheap,,,10/09/2026 15:08
c8ee7003-7cc7-431d-9313-46fca0c3cc8d,firms.fm,available,67.98,87.72,medium,low,5,spaceship,,,29/09/2026 17:52
b0b9044a-ef2b-469b-9b3f-8230e1789aa4,highborn.fm,available,69.98,118.98,medium,low,8,namecheap,,,13/08/2026 01:48
c9dd3b5d-665a-4c5a-be27-73b030508307,revd.fm,available,67.98,87.72,medium,low,4,spaceship,,,01/10/2026 23:42
baa36b7b-bf07-4fb1-b35d-cb1610862550,notoriety.fm,available,88.99,88.99,high,low,9,namesilo,,,02/10/2026 15:47
e48a9801-77ab-44ea-af9d-b8a05bdeb099,nucleated.fm,available,69.98,118.98,medium,low,9,namecheap,,,03/09/2026 22:22
28528dc6-d853-432c-8ba8-bc42eff4ef49,job.fm,premium,41393.1,102,high,medium,3,namesilo,,,29/09/2026 03:34
728b1a7a-14d7-4bf2-aff3-896a139242a0,majorities.fm,available,85,85,low,low,10,cloudflare,,,29/09/2026 05:40
faeeb821-f6a7-4f9b-9325-4b0fa7b401c4,gave.fm,available,88.99,88.99,medium,low,4,namesilo,,,
55741560-a383-4be1-8221-7699df485001,friesland.fm,available,67.98,87.72,medium,low,9,spaceship,,,01/10/2026 19:39
0b8c8ec4-ca21-4002-bf6c-6d11794abf54,aruru.fm,available,88.99,88.99,medium,low,5,namesilo,,,20/09/2026 12:26
415ca9b2-5637-4206-afa8-f9bcc9c1c871,rigour.fm,available,88.99,88.99,medium,low,6,namesilo,,,20/09/2026 14:57
98c529c6-f760-4e01-8e89-7d8a9f097d00,fits.fm,available,88.99,88.99,medium,low,4,namesilo,,,18/09/2026 18:43
f15c40c9-9eb7-4d33-8414-5a2dfa69d99e,bleary.fm,available,69.98,118.98,medium,low,6,namecheap,,,10/08/2026 13:59
902da8d1-7195-4f38-beb1-8646dc024458,bucharest.fm,premium,,,high,low,9,,,,02/10/2026 04:11
251df980-e75f-403c-bd8a-9d9cd3f9f761,cleanup.fm,available,87.85,87.85,medium,low,7,porkbun,,,02/10/2026 21:28
3dc7f0bb-e698-4352-bf88-4e5e636c44ae,hutcheson.fm,available,67.98,87.72,medium,low,9,spaceship,,,03/10/2026 05:37
aac11f48-4730-469a-9893-a0832932c226,referable.fm,available,69.98,118.98,medium,low,9,namecheap,,,07/08/2026 01:28
04ac4c09-ec85-498d-a79b-70ce67d4ebb0,imitating.fm,available,69.98,118.98,high,low,9,namecheap,,,30/09/2026 20:05
b3f174db-4c58-4d68-a49b-7e25ee864d7a,juror.fm,available,85,85,high,low,5,cloudflare,,,01/10/2026 20:11
6ca2c79c-f612-4b95-9458-2e0ee62410c6,listed.fm,available,88.99,88.99,high,low,6,namesilo,,,25/09/2026 13:56
78be6741-9b1e-47f2-b587-e0de0c8ca7d0,hesitation.fm,available,88.99,88.99,high,low,10,namesilo,,,24/09/2026 16:28
f4abfb50-0063-4247-affd-4e9512bd68d3,laundering.fm,available,88.99,88.99,medium,low,10,namesilo,,,30/09/2026 10:23
903b9f30-ff36-435a-93c5-adb251a94165,picard.fm,available,88.99,88.99,high,medium,6,namesilo,,,02/10/2026 07:43
01d89c47-9466-4566-a836-c83b9313339a,shaven.fm,available,69.98,118.98,high,medium,6,namecheap,,,10/09/2026 06:07
8f165363-250b-4cf9-8bae-83bb8e7cdbdd,corpse.fm,available,69.98,118.98,medium,low,6,namecheap,,,25/09/2026 22:01
1dcc04c8-8b64-4477-9a56-013cd5a411be,parkway.fm,available,67.98,87.72,medium,low,7,spaceship,,,30/09/2026 10:48
19c067fa-cbfa-4de8-a88a-39967e91ffe2,rocklike.fm,available,69.98,118.98,medium,low,8,namecheap,,,20/08/2026 18:00
bacf6c3b-19e9-481b-84d5-1e40e700c9fe,yale.fm,available,88.99,88.99,high,low,4,namesilo,,,25/09/2026 05:27
dd9cebf1-ecd1-4da5-a871-620b15495b51,pantry.fm,available,69.98,118.98,high,low,6,namecheap,,,11/08/2026 11:54
5ce8f70d-abbc-4f57-b251-753adbcb5445,willful.fm,available,69.98,118.98,medium,low,7,namecheap,,,18/08/2026 16:37
8b7a1cc2-7c56-45f9-a98f-a5467cb8491e,malfunction.fm,available,88.99,88.99,high,low,11,namesilo,,,29/09/2026 08:32
bb442da7-45e0-47c2-bbdd-6ac17b9f08bf,incensed.fm,available,69.98,118.98,medium,low,8,namecheap,,,22/08/2026 01:01
5eabed81-3ddc-4e24-8a4b-139f92f2b621,eastmost.fm,available,69.98,118.98,medium,low,8,namecheap,,,14/08/2026 22:57
6b177e06-ab8a-430a-b5d4-e17b164f0034,tenure.fm,available,85,85,high,low,6,cloudflare,,,29/09/2026 19:18
fdd4b69c-3f98-47f4-be28-a6d9a52fadc4,riparian.fm,available,69.98,118.98,high,low,8,namecheap,,,09/09/2026 17:53
3a023ca1-2103-434a-befd-ae28a31d3026,analysis.fm,available,88.99,88.99,high,low,8,namesilo,,,02/10/2026 08:20
e093aaee-371b-40f7-8597-33880f6e4343,amazona.fm,available,69.98,118.98,medium,low,7,namecheap,,,18/09/2026 16:23
fcc0f756-b311-4978-8cfe-055ef28df7ca,possibility.fm,available,88.99,88.99,high,low,11,namesilo,,,25/09/2026 16:40
d3ab6883-63a9-4598-8a7d-ea552addbf90,mutilated.fm,available,69.98,118.98,medium,low,9,namecheap,,,24/08/2026 13:22
d231d4a0-936c-430e-8c38-0690bc20eb35,provisory.fm,available,69.98,118.98,medium,low,9,namecheap,,,09/09/2026 04:36
7c07f042-c793-4934-a1c5-27ccd5713323,neighbors.fm,premium,253.5,110.5,high,low,9,namecheap,,,18/09/2026 09:55
6b83ff06-0466-4101-8ba2-688e2ab8eb52,aurorean.fm,available,69.98,118.98,medium,low,8,namecheap,,,07/08/2026 18:12
c9302541-15ad-40e9-b6b2-c281952e721a,satan.fm,available,67.98,87.72,high,low,5,spaceship,,,29/09/2026 01:53
ff471f5e-0d2d-4cbf-8180-fb269a04a108,discussed.fm,available,88.99,88.99,medium,low,9,namesilo,,,27/09/2026 10:04
0aeb41f2-8060-4ff6-8a12-4e6822d5fbcc,belloc.fm,available,88.99,88.99,medium,low,6,namesilo,,,23/09/2026 06:16
6ca0743e-ff7a-4ec8-9f48-0e6463e2c33a,priesthood.fm,available,88.99,88.99,high,low,10,namesilo,,,30/09/2026 10:54
cff4418e-840e-40a7-9844-5cc28f5935e4,violation.fm,available,67.98,87.72,high,low,9,spaceship,,,30/09/2026 00:09
efd7b2c4-f399-4ad1-971f-b5a7e35f054b,advantageous.fm,available,88.99,88.99,high,low,12,namesilo,,,02/10/2026 17:31
6dba847c-e1c0-4e12-b507-20276872705b,graspable.fm,available,69.98,118.98,medium,low,9,namecheap,,,06/08/2026 08:18
5361e0a9-e716-420a-8712-cc79fac7a730,ldl.fm,available,88.99,88.99,high,low,3,namesilo,,,23/09/2026 10:53
e5becb20-6eae-420c-ae40-507346533197,requests.fm,available,88.99,88.99,medium,low,8,namesilo,,,17/09/2026 17:07
1214e6eb-bd01-45c5-8c8d-444c5df9913c,surabaya.fm,available,69.98,118.98,high,low,8,namecheap,,,02/10/2026 20:06
691969b2-5f56-4609-8196-15575feda3f0,enteric.fm,available,69.98,118.98,medium,low,7,namecheap,,,17/08/2026 09:53
7f55adb7-973c-41f0-8ba6-8c9283c6e528,traced.fm,available,67.98,87.72,low,low,6,spaceship,,,28/09/2026 13:04
3bb97f66-179e-4415-82c8-25b5a9ba915f,clunky.fm,available,69.98,118.98,medium,low,6,namecheap,,,12/08/2026 13:08
26597440-794c-4508-8ac4-dd16480fcc91,directed.fm,available,88.99,88.99,high,low,8,namesilo,,,24/09/2026 10:49
34dcf1d0-b582-489a-81a7-2d18501c9bb6,witloof.fm,available,88.99,88.99,medium,low,7,namesilo,,,23/09/2026 05:01
83c41a6a-dc90-4d7d-94f0-33177fe5a39a,epochs.fm,available,67.98,87.72,low,low,6,spaceship,,,30/09/2026 15:49
0bcdb49b-5eab-4bf5-9f6e-6ec4d375d1a2,biases.fm,available,99,160.99,low,low,6,name.com,,,18/09/2026 23:44
fb2d84e2-51b2-4847-834b-a6863681ea20,effective.fm,premium,249.6,102,high,low,9,namesilo,,,24/09/2026 13:31
65b8444b-ffdd-40d6-b1ba-12680d116dfe,uncharted.fm,available,69.98,118.98,medium,low,9,namecheap,,,12/08/2026 02:53
97f3e638-5609-47fb-8e04-e5d4586769ab,yankee.fm,available,69.98,118.98,high,low,6,namecheap,,,13/09/2026 14:12
13896196-0418-47e4-aaf3-8495920af54b,administration.fm,available,67.98,87.72,high,low,14,spaceship,,,02/10/2026 12:30
9489735c-3363-4a52-8700-f1fb8449d825,bouncy.fm,available,69.98,118.98,high,low,6,namecheap,,,23/09/2026 01:24
ab6b17ec-a0e2-4779-ab68-8f58cbdb070f,catering.fm,available,67.98,87.72,high,low,8,spaceship,,,28/09/2026 18:37
8df80b4b-ffb2-46d1-b2a3-2bc5a70fa4ba,saginaw.fm,available,67.98,87.72,medium,low,7,spaceship,,,28/09/2026 03:02
98ec6fed-8e05-4794-9e06-ae39ac050c34,norseman.fm,available,69.98,118.98,medium,low,8,namecheap,,,03/09/2026 21:43
cfcb58f9-40c1-4018-9b8a-dd8dadcbb0a1,egmont.fm,available,88.99,88.99,medium,low,6,namesilo,,,02/10/2026 10:11
7726a2c6-11a3-48dc-9ec2-40b7ec579488,happily.fm,available,85,85,high,low,7,cloudflare,,,28/09/2026 13:29
8eace9a9-db6f-4c39-80a2-7a69733504f1,uncounted.fm,available,69.98,118.98,medium,low,9,namecheap,,,13/08/2026 03:44
25ef35df-4c73-40df-84c5-cac8a62500e9,taranto.fm,available,85,85,medium,low,7,cloudflare,,,02/10/2026 19:15
3f4d7a92-3e46-4678-8f73-48031b094748,bottles.fm,available,69.98,118.98,medium,low,7,namecheap,,,18/09/2026 04:05
ec3125ad-cf78-4250-96ff-812ad7856d15,fortress.fm,available,67.98,87.72,high,low,8,spaceship,,,28/09/2026 05:46
f2201d80-9d90-4785-9bde-17cdb96ba6c0,discrepancy.fm,available,67.98,87.72,medium,low,11,spaceship,,,02/10/2026 11:57
a695f8da-2927-4334-8650-f0ee5edd4ff6,barns.fm,available,88.99,88.99,medium,low,5,namesilo,,,20/09/2026 22:46
52fe0651-cc4e-4d46-b631-6930cf282a88,qatari.fm,available,69.98,118.98,high,low,6,namecheap,,,22/08/2026 15:09
228882e8-23f4-4137-b1f8-8d275f06be67,zesty.fm,available,69.98,118.98,high,low,5,namecheap,,,08/08/2026 20:02
c9e8fd77-b59d-4580-8b31-3ff38af52aa5,dies.fm,available,88.99,88.99,high,low,4,namesilo,,,25/09/2026 16:12
75a388df-8f1b-46f7-9aad-4d938a9855e9,disheveled.fm,available,69.98,118.98,medium,low,10,namecheap,,,14/08/2026 10:56
bda6846d-4a79-4251-9e1c-59e20773f32f,rubicund.fm,available,69.98,118.98,high,medium,8,namecheap,,,09/09/2026 19:17
36601115-dce6-4917-a15b-ecf74d14f165,edgewise.fm,available,69.98,118.98,medium,low,8,namecheap,,,14/09/2026 15:02
7d749e64-a1fb-4399-9091-77b13463a0eb,ultimately.fm,available,67.98,87.72,medium,low,10,spaceship,,,28/09/2026 12:39
03c502ee-2fe9-4ac2-bfe9-f78ba3c2deec,relationship.fm,available,88.99,88.99,high,low,12,namesilo,,,01/10/2026 02:58
46760ebc-0927-428f-bc4e-59efa723f4b6,explain.fm,available,68.25,89.25,high,low,7,dynadot,,,30/09/2026 19:34
29cf16f9-82bf-441e-97da-b019ea725ed3,wronged.fm,available,67.98,87.72,low,low,7,spaceship,,,02/10/2026 22:02
4692a1c0-bf7d-4bd9-8be8-e53bcf0ac929,commode.fm,available,69.98,118.98,high,medium,7,namecheap,,,09/09/2026 00:51
b8ca4d64-00cb-49e3-a289-de42e3d49e42,martindale.fm,available,88.99,88.99,high,low,10,namesilo,,,02/10/2026 08:01
a3a29898-85bf-4396-ae97-43945a15342d,jillion.fm,available,69.98,118.98,medium,low,7,namecheap,,,11/09/2026 19:52
66b2300f-5ebd-47eb-b51e-b64d22d30dbb,correctional.fm,available,88.99,88.99,medium,low,12,namesilo,,,29/09/2026 14:55
1d4f2105-bfe3-4ccc-bda1-f54d1de3b55b,nestorian.fm,available,69.98,118.98,medium,low,9,namecheap,,,03/09/2026 15:50
8f774a1e-fcb6-4cd1-9302-7772814fc1b3,minder.fm,available,88.99,88.99,medium,low,6,namesilo,,,21/09/2026 13:29
78c07a51-9b81-426c-bd4c-4250cbb34c26,typical.fm,available,88.99,88.99,high,low,7,namesilo,,,24/09/2026 11:26
1db9bf41-6329-4379-938d-532529e305d3,brinjal.fm,available,99,160.99,high,low,7,name.com,,,21/09/2026 02:34
09c5571e-bc86-421a-8aa3-5a3a5277d546,lunate.fm,available,69.98,118.98,medium,low,6,namecheap,,,13/08/2026 06:12
707c5ffe-6a68-422c-aa24-142532e192ed,roughish.fm,available,69.98,118.98,high,medium,8,namecheap,,,09/09/2026 19:01
5774ad60-747c-4de2-a023-3a394decaf53,distinctly.fm,available,69.98,118.98,medium,low,10,namecheap,,,14/09/2026 13:19
c26f8a34-4f78-407a-bf4d-cbd8ab881557,cursing.fm,available,88.99,88.99,medium,low,7,namesilo,,,03/10/2026 03:02
69e5454e-e083-4c65-9b09-505c687464ce,screamer.fm,available,88.99,88.99,medium,low,8,namesilo,,,22/09/2026 17:00
b87965a4-3040-4fc9-a169-6dad925c1bc4,cursed.fm,available,69.98,118.98,high,low,6,namecheap,,,13/08/2026 11:32
357e3b74-de61-4368-935e-5a591ff14627,timmy.fm,available,85,85,high,low,5,cloudflare,,,01/10/2026 08:36
e1a5186a-7e7a-4509-a215-a6d98ba086da,floored.fm,available,69.98,118.98,medium,low,7,namecheap,,,18/08/2026 08:49
7ab2af84-4113-4bf4-b837-8e50b8b9780d,mccook.fm,available,88.99,88.99,medium,low,6,namesilo,,,02/10/2026 01:05
39d0aa52-b609-4ed5-b541-181b0e8ee331,kurrat.fm,available,88.99,88.99,medium,low,6,namesilo,,,18/09/2026 11:14
69757c7b-dbf7-4031-ac23-7a977cc014b8,captive.fm,available,69.98,118.98,high,low,7,namecheap,,,
b3816916-95be-4d9e-8d96-a0e57a6099b1,sculptural.fm,available,69.98,118.98,medium,low,10,namecheap,,,25/08/2026 02:53
d01fdc70-2bea-41ff-adc4-a7b45d5fc9e1,lenz.fm,available,85,85,medium,low,4,cloudflare,,,02/10/2026 03:05
7e55f3f2-77f1-43f6-95f5-7220dcf51523,entrenched.fm,available,88.99,88.99,medium,low,10,namesilo,,,24/09/2026 14:13
1b6f3311-1afd-4152-ab0c-b0a9c17e7b18,hartford.fm,available,87.85,87.85,medium,low,8,porkbun,,,28/09/2026 18:33
a90e8011-752a-4068-bf49-fbffc2aee1b1,tactful.fm,available,69.98,118.98,medium,low,7,namecheap,,,22/08/2026 15:49
33ccf9fe-bde8-4bfc-b0d4-074a7b29a547,inhibit.fm,available,67.98,87.72,high,low,7,spaceship,,,30/09/2026 16:14
4ea9926a-7544-4bf0-a5dc-7aaa33f09289,tamable.fm,available,69.98,118.98,medium,low,7,namecheap,,,11/09/2026 07:36
7e68cf1a-6e6c-42d6-90d3-66b0284e6771,rodrigues.fm,available,88.99,88.99,medium,low,9,namesilo,,,29/09/2026 04:31
08fcb959-d33e-4790-8191-38eb4adee7e0,cement.fm,available,87.85,87.85,high,low,6,porkbun,,,29/09/2026 07:46
1e6f4a08-77e1-4b2c-ae08-6c2f244a3aa6,scienter.fm,available,69.98,118.98,medium,low,8,namecheap,,,16/09/2026 00:44
456216ca-b82d-4e14-b903-c23955f46471,statistic.fm,available,68.25,89.25,high,low,9,dynadot,,,30/09/2026 11:05
ee914e30-2c44-4c4f-a923-7d7476f8fe22,pastoral.fm,available,69.98,118.98,high,low,8,namecheap,,,06/08/2026 14:20
a7082ca5-443b-4997-a543-f5abf2400b67,pedigree.fm,available,69.98,118.98,high,low,8,namecheap,,,08/09/2026 13:15
7a3187e5-fd52-4852-84c2-5d0fbc1f2630,rooting.fm,available,67.98,87.72,high,low,7,spaceship,,,02/10/2026 06:17
4c58776b-937b-4e13-b86d-e8dd13aac480,degree.fm,available,69.98,118.98,high,low,6,namecheap,,,23/08/2026 00:33
5e6c6a87-af6d-4c67-bc79-b4dff5b29bd2,weaknesses.fm,available,69.98,118.98,low,low,10,namecheap,,,29/09/2026 17:45
7835f801-5054-4014-9ba9-74de83f87213,ruiz.fm,available,88.99,88.99,medium,low,4,namesilo,,,27/09/2026 07:03
b0ed8ebf-f616-4cde-9ffc-2171755967ca,revolve.fm,available,88.99,88.99,high,low,7,namesilo,,,01/10/2026 03:10
9f555b73-5b3f-482e-ad06-f281a3e92895,galveston.fm,available,88.99,88.99,high,low,9,namesilo,,,27/09/2026 04:07
18054cbf-fd8c-42e4-82e7-c853941d073d,baronet.fm,available,88.99,88.99,high,low,7,namesilo,,,22/09/2026 07:28
03c18074-6629-4c11-b64d-136f1beb06ee,unlikeable.fm,available,69.98,118.98,medium,low,10,namecheap,,,12/09/2026 00:56
d98e15d8-8320-498d-9573-0e5a9057c3e1,buried.fm,available,88.99,88.99,medium,low,6,namesilo,,,23/09/2026 11:29
ea608cca-29a8-4d83-81f5-7af79766a8c6,awn.fm,available,88.99,88.99,high,low,3,namesilo,,,21/09/2026 10:11
a2af2b46-9d5e-42db-9ffe-3e0876e9a456,marblewood.fm,available,88.99,88.99,medium,low,10,namesilo,,,19/09/2026 03:58
d9669213-96d7-413d-912a-02c396ed550a,prosper.fm,available,67.98,87.72,high,low,7,spaceship,,,29/09/2026 20:45
8288c083-d36b-4b44-b2d9-21c32aa97ac9,rarer.fm,available,69.98,118.98,medium,low,5,namecheap,,,20/09/2026 08:12
c2f87efc-fc34-40dd-a8cf-b25e3d078eb0,shriek.fm,available,69.98,118.98,medium,low,6,namecheap,,,09/09/2026 23:53
ab6ba4c3-7fd4-4bb3-8cfe-a7dd13e75d76,futile.fm,available,88.99,88.99,medium,low,6,namesilo,,,22/09/2026 23:49
fdc0f604-c6e6-4137-81ce-59315d72a471,percent.fm,available,67.98,87.72,high,low,7,spaceship,,,02/10/2026 02:16
0dfd0c4a-8a33-44aa-9c76-a200b50bb876,belief.fm,available,88.99,88.99,high,low,6,namesilo,,,23/09/2026 05:12
afab0e50-33f7-4049-b1c4-10087e0b9734,artifacts.fm,available,68.25,89.25,medium,low,9,dynadot,,,29/09/2026 17:20
6aee5390-3161-461c-a5a1-6a6c9f1ced94,nihilistic.fm,available,69.98,118.98,medium,low,10,namecheap,,,03/09/2026 17:24
0906396e-47fe-4b34-8dfb-2f541e7d0e57,benzocaine.fm,available,88.99,88.99,medium,low,10,namesilo,,,23/09/2026 08:58
a4cdcbf8-f409-4037-9a6e-b9ab52d98bd0,surry.fm,available,69.98,118.98,medium,low,5,namecheap,,,01/10/2026 23:31
5cb4d1f3-d058-429b-9186-8a8e40506f5a,screw.fm,available,69.98,118.98,high,low,5,namecheap,,,18/08/2026 17:26
ffa2324f-8d42-46ae-8054-d982a50bdbf4,rajput.fm,available,88.99,88.99,high,low,6,namesilo,,,01/10/2026 03:24
ade01194-68a3-4386-8f87-91217098b46f,roan.fm,available,69.98,118.98,high,low,4,namecheap,,,09/09/2026 18:08
c56664c0-15cd-4501-9254-aafb104c7fa0,afrikaner.fm,available,69.98,118.98,medium,low,9,namecheap,,,
79d71c4a-84d5-496d-9a74-f0599b359c70,flagship.fm,available,67.98,87.72,high,low,8,spaceship,,,30/09/2026 17:19
26879d42-84c6-408e-a203-06c6208a8825,litre.fm,available,69.98,118.98,medium,low,5,namecheap,,,22/08/2026 17:09
2d139431-fb37-4031-a6b5-66f570136fdd,propeller.fm,available,88.99,88.99,high,low,9,namesilo,,,29/09/2026 01:54
61eba6d0-d77d-42d3-ad7e-674c656e44df,saler.fm,available,67.98,87.72,medium,low,5,spaceship,,,01/10/2026 12:20
826f1be7-3f04-4411-b6f0-5f5e5d324586,collagen.fm,available,88.99,88.99,high,low,8,namesilo,,,02/10/2026 14:42
4afff748-fb9c-422b-92c5-44099ca84fae,buttermilk.fm,available,88.99,88.99,high,low,10,namesilo,,,24/09/2026 11:20
f663d14d-01e1-4ab8-8155-19b548d5fd9d,irascible.fm,available,69.98,118.98,medium,low,9,namecheap,,,21/08/2026 14:18
05d6fdc6-b5e7-4835-bc86-8ae5648535cd,elvin.fm,available,68.25,89.25,high,low,5,dynadot,,,03/10/2026 04:18
f513d7a9-25cc-4358-adb3-143a594cd268,locke.fm,available,69.98,118.98,high,low,5,namecheap,,,25/09/2026 08:02
00621b94-df1c-448f-b3b8-f21d196b170b,genially.fm,available,69.98,118.98,medium,low,8,namecheap,,,13/09/2026 17:52
8d0f0e3d-ccbd-4f2c-bc3c-8559a562efb1,redeemable.fm,available,69.98,118.98,high,low,10,namecheap,,,11/08/2026 20:14
d2ebd94e-2340-42ea-83af-3056a1dc2130,predominantly.fm,available,88.99,88.99,medium,low,13,namesilo,,,01/10/2026 05:46
1783a4d8-bed5-4684-a520-8b6ddad2f1e7,cooperation.fm,available,88.99,88.99,high,low,11,namesilo,,,28/09/2026 04:34
88fa02af-23a7-460b-9e95-0ccf0332e189,symonds.fm,available,85,85,high,low,7,cloudflare,,,30/09/2026 10:18
f5a12561-34d8-42e8-87d2-0b184bc8fcbb,operose.fm,available,69.98,118.98,medium,low,7,namecheap,,,06/08/2026 17:05
cd335b75-510a-480c-b208-50ee93e16b90,duval.fm,available,67.98,87.72,medium,low,5,spaceship,,,28/09/2026 11:57
b8d2f440-1015-4670-81ee-4c33e4e2ee7d,sanious.fm,available,69.98,118.98,medium,low,7,namecheap,,,21/08/2026 17:49
4f5678bf-379b-4855-bd5f-7173eb67ade4,blaise.fm,available,85,85,medium,low,6,cloudflare,,,30/09/2026 13:38
cb1e1c77-b7e8-4ced-a64b-41ef9dfcb441,footer.fm,available,69.98,118.98,high,low,6,namecheap,,,08/09/2026 12:38
663fa2d2-2a6a-4f20-93c4-f9e271ad723b,proven.fm,available,88.99,88.99,high,low,6,namesilo,,,27/09/2026 08:25
2889d19d-e4ac-4c9d-9e49-157d0fc83fae,aesir.fm,available,88.99,88.99,medium,low,5,namesilo,,,17/09/2026 13:23
04ff2d34-25b1-46cb-bde2-8dfc2f670b6d,bothering.fm,available,68.25,89.25,medium,low,9,dynadot,,,29/09/2026 21:27
209684e3-64b2-4a3a-aec6-7ae972bd1554,bedhead.fm,available,67.98,87.72,medium,low,8,spaceship,,,02/10/2026 16:33
53cb8f13-3048-45b1-a419-aa2ab2863365,firearm.fm,available,67.98,87.72,high,low,7,spaceship,,,29/09/2026 00:55
e343c30b-f240-4c8c-b15b-34ebce9ec77a,espionage.fm,available,69.98,118.98,high,low,9,namecheap,,,29/09/2026 06:49
6cc1e359-53ad-4a5a-aaec-44a09a22010a,noises.fm,available,88.99,88.99,low,low,6,namesilo,,,28/09/2026 13:21
d39a7a50-8407-4325-8abd-f2403618a5a8,wrought.fm,available,69.98,118.98,medium,low,7,namecheap,,,25/08/2026 03:48
f346d356-ad4e-4d6d-8579-e1d18add9070,hideous.fm,available,69.98,118.98,medium,low,7,namecheap,,,21/08/2026 08:13
98127790-0095-43e9-9039-4ccb3156ee49,multiplication.fm,available,88.99,88.99,medium,low,14,namesilo,,,
d2614b71-9ddc-4da8-93b7-5b3bfbc40ce9,forsythe.fm,available,67.98,87.72,medium,low,8,spaceship,,,30/09/2026 16:08
63b2f7cc-3505-4046-8bbf-1b7d074db8a6,vilas.fm,available,67.98,87.72,medium,low,5,spaceship,,,02/10/2026 20:29
19d3c8ad-9ed1-4ad7-8250-ff0e2158b4ae,computing.fm,available,88.99,88.99,high,low,9,namesilo,,,19/09/2026 12:12
4fc22439-0b8b-4f24-9dce-c5f78dfe4ad3,deceived.fm,available,67.98,87.72,low,low,8,spaceship,,,29/09/2026 23:13
8baad1f9-1137-4447-a5c4-8d1a09136550,spiral.fm,available,88.99,88.99,high,low,6,namesilo,,,23/09/2026 14:59
df51205a-720e-4d32-9360-2fccbb452dcb,uruguayan.fm,available,69.98,118.98,high,low,9,namecheap,,,12/09/2026 23:55
65f0518b-bdfd-4dc3-a8ef-4670c70e6bba,elbow.fm,available,88.99,88.99,high,low,5,namesilo,,,20/09/2026 11:23
8ece59b5-99ca-4858-9807-b4124cd9b262,intruders.fm,available,88.99,88.99,medium,low,9,namesilo,,,02/10/2026 23:29
bd087de2-62c3-4b9b-b98f-09785ebc17f7,validity.fm,available,69.98,118.98,high,low,8,namecheap,,,30/09/2026 17:33
90d565b5-a7c5-48d3-b77f-e09cfb07d766,attester.fm,available,88.99,88.99,medium,low,8,namesilo,,,21/09/2026 01:41
35a4d2ae-3b82-4fc3-a12e-c20b8a95a6d3,feeding.fm,available,88.99,88.99,high,low,7,namesilo,,,25/09/2026 22:30
1fc872d6-4579-46e7-8053-72b91b9aca2a,turning.fm,available,88.99,88.99,high,low,7,namesilo,,,26/09/2026 00:27
6d32b62b-12a9-411a-b38a-127c1921c897,disagreement.fm,available,85,85,medium,low,12,cloudflare,,,29/09/2026 10:22
8ce90a6a-a7e6-4cd7-b814-dfe919b6f001,arced.fm,available,69.98,118.98,medium,low,5,namecheap,,,06/08/2026 14:28
3e08b0ed-e5c2-447e-8aef-ef5411cc0d44,recherche.fm,available,69.98,118.98,high,low,9,namecheap,,,09/09/2026 11:27
c1023923-a96c-43d8-8c66-16ce76432ea9,nicholls.fm,available,67.98,87.72,medium,low,8,spaceship,,,28/09/2026 16:37
984e954a-d2fc-4d8c-83d4-19517abae65f,wheezing.fm,available,69.98,118.98,medium,low,8,namecheap,,,07/08/2026 09:25
908f3201-8091-4b39-b2e7-8141c6f71f0c,slovenly.fm,available,69.98,118.98,medium,low,8,namecheap,,,18/08/2026 16:55
c4f3c3eb-6121-4a49-8e4a-796fa336eadb,trna.fm,available,88.99,88.99,high,low,4,namesilo,,,16/09/2026 22:03
26209b09-efb9-4fa5-b8b3-392b9314dbb7,bulk.fm,available,88.99,88.99,high,low,4,namesilo,,,29/09/2026 05:21
180b8d57-a18f-449a-8ba7-7fc52bc395af,woodpecker.fm,available,67.98,87.72,high,low,10,spaceship,,,30/09/2026 10:50
f14bd65d-908b-4fd4-824e-58f971e1e0dc,understands.fm,available,88.99,88.99,high,low,11,namesilo,,,28/09/2026 00:05
8987346c-6f72-4c80-8b06-e7761b7ebddf,linz.fm,available,69.98,118.98,high,low,4,namecheap,,,29/09/2026 13:18
d752eac1-65bb-4541-9288-4821bf1d9153,grazed.fm,available,69.98,118.98,medium,low,6,namecheap,,,20/08/2026 19:29
0bfe0f94-1dee-4689-87ca-9de5cc0df33e,babirusa.fm,available,88.99,88.99,medium,low,8,namesilo,,,21/09/2026 12:44
746dbfaf-5e72-49ce-8d82-e5d2e0d7c4ed,collide.fm,available,88.99,88.99,high,low,7,namesilo,,,24/09/2026 15:18
4ffcd4c2-038c-461a-96e7-2cb4ce47590e,jnr.fm,available,69.98,118.98,high,low,3,namecheap,,,01/10/2026 20:09
f4f8b696-3daa-4fde-965e-fca8e1d0d980,solidarity.fm,premium,249.6,102,high,low,10,namesilo,,,30/09/2026 02:56
68f0bf06-69ed-494d-a984-04b5e79c06e6,mendenhall.fm,available,88.99,88.99,medium,low,10,namesilo,,,02/10/2026 00:45
9ed72c92-95bd-4697-b29b-fa13e852e46a,obeyed.fm,available,67.98,87.72,medium,low,6,spaceship,,,02/10/2026 22:10
2faae979-c1e8-4930-a503-2b96ba187e24,guidelines.fm,available,85,85,medium,low,10,cloudflare,,,29/09/2026 17:19
0ab72d8a-350f-44d2-bad7-ba5982c72082,regiments.fm,available,88.99,88.99,medium,low,9,namesilo,,,02/10/2026 22:16
448d92de-3d91-4a4f-90e0-302231edcd5a,cac.fm,available,67.98,87.72,high,low,3,spaceship,,,01/10/2026 10:33
ce16be1c-e2ea-4115-a1d1-46ff6392bc5f,murderous.fm,available,69.98,118.98,medium,low,9,namecheap,,,21/08/2026 11:28
2087f0af-25de-46aa-915a-200123725a33,numbing.fm,available,69.98,118.98,medium,low,7,namecheap,,,03/09/2026 22:49
79b32136-b3e1-452d-b12c-2cce64eb49d4,aventail.fm,available,88.99,88.99,medium,low,8,namesilo,,,21/09/2026 09:05
e907f986-809c-433b-8ddf-3584e08cd40e,unprecedented.fm,available,87.85,87.85,high,low,13,porkbun,,,29/09/2026 16:15
7dd19ae5-75de-4f62-9c1a-086a2bee4ab6,backless.fm,available,69.98,118.98,medium,low,8,namecheap,,,08/08/2026 05:48
8fe8f32f-585a-4a0a-be44-8b039874f622,uut.fm,available,69.98,118.98,medium,low,3,namecheap,,,20/09/2026 22:17
c740c478-b9cd-4f27-8966-e6dadd444c43,caitiff.fm,available,69.98,118.98,low,low,7,namecheap,,,11/08/2026 13:26
5627b1fa-0a20-4d86-b84b-951b0b8556fd,poof.fm,available,69.98,118.98,medium,low,4,namecheap,,,09/09/2026 08:09
b0c340fa-084f-430e-9623-6e663f0bdad6,mankato.fm,available,67.98,87.72,high,low,7,spaceship,,,30/09/2026 17:58
bb9b3155-027f-40f2-81e1-d004263b0054,outflank.fm,available,69.98,118.98,medium,low,8,namecheap,,,09/08/2026 17:48
07d5ff8c-e1f2-4eb5-8a06-d8e13d05cc89,nyt.fm,available,67.98,87.72,high,low,3,spaceship,,,02/10/2026 09:28
3dd24210-2a01-4395-9ad5-deea969c9f06,dementia.fm,available,88.99,88.99,high,low,8,namesilo,,,24/09/2026 21:47
ec9b6bb2-f831-43fe-9c17-cbe89f45bcae,herzl.fm,available,67.98,87.72,medium,low,5,spaceship,,,03/10/2026 04:29
16feca26-4875-4048-8128-1f2e1388efd4,bochum.fm,available,85,85,medium,low,6,cloudflare,,,02/10/2026 09:13
ef7443d8-537e-4988-a680-a01adfe20b9f,lubricant.fm,available,67.98,87.72,high,low,9,spaceship,,,01/10/2026 20:24
2e3430cf-aadb-4319-81fa-cd068f7c67f6,newcomb.fm,available,67.98,87.72,high,low,7,spaceship,,,29/09/2026 13:33
5c9cc8d2-dcf2-4717-9c77-b0c496894366,seniority.fm,available,88.99,88.99,high,low,9,namesilo,,,30/09/2026 17:37
5a43f40a-dd66-4d0b-90ca-fa4d9da0bdfe,outbred.fm,available,69.98,118.98,medium,low,7,namecheap,,,04/09/2026 19:03
b3faa792-5150-4ba1-a64d-b17caea70922,ideally.fm,available,69.98,118.98,medium,low,7,namecheap,,,28/09/2026 15:16
26b4a916-984e-49d7-bdae-0f8e1a3f79db,homemade.fm,available,88.99,88.99,high,low,8,namesilo,,,29/09/2026 22:59
b36260fa-8765-4cdc-866d-4b66fc48d933,ahn.fm,available,85,85,medium,low,3,cloudflare,,,30/09/2026 20:22
5db7961f-f796-4c63-b7f6-5f972f2f33b8,grubby.fm,available,69.98,118.98,medium,low,6,namecheap,,,09/08/2026 09:31
e713116d-f444-4bfe-ac14-19d85f2bcfd5,evidently.fm,available,69.98,118.98,high,low,9,namecheap,,,08/09/2026 20:21
f11eba33-6cdf-4098-a60f-2bfdc55ea266,believing.fm,available,69.98,118.98,high,low,9,namecheap,,,23/09/2026 05:15
a44a6740-08ef-4ccb-8f69-781c4462b310,archly.fm,available,69.98,118.98,medium,low,6,namecheap,,,13/09/2026 20:39
e6b4dd9c-adc1-4bd1-8182-071236425846,competent.fm,available,88.99,88.99,high,low,9,namesilo,,,23/09/2026 17:16
e280a980-e814-4e43-846c-8828f463f99b,forfeit.fm,available,69.98,118.98,high,low,7,namecheap,,,12/08/2026 21:00
d2cd94ad-252c-4b98-82bf-84ab36cba002,quiescent.fm,available,69.98,118.98,medium,low,9,namecheap,,,09/09/2026 08:47
6f80ef3a-bb92-4762-a6ce-19bf7056b76c,entrusted.fm,available,68.25,89.25,medium,low,9,dynadot,,,29/09/2026 16:07
5fd5672d-d49d-4dc0-b389-a320de1754fc,xcvi.fm,available,69.98,118.98,medium,low,4,namecheap,,,
38b97a4d-272e-4822-ba06-65b35fa57a00,supposing.fm,available,69.98,118.98,high,low,9,namecheap,,,02/10/2026 07:08
3d0e5dca-743e-4bd7-ae5b-6f629e1cdbc1,loaned.fm,available,88.99,88.99,medium,low,6,namesilo,,,17/09/2026 16:26
7b1d549b-4f08-4c44-8874-1424f33a36b1,janet.fm,available,88.99,88.99,high,low,5,namesilo,,,25/09/2026 13:29
db97d6f4-a229-4d8f-ac6c-0ab07fcd0212,coworkers.fm,available,88.99,88.99,medium,low,9,namesilo,,,02/10/2026 03:43
89208f70-7ba9-4240-8b66-14620c7d88d9,aerobatics.fm,available,88.99,88.99,high,low,10,namesilo,,,17/09/2026 12:53
f9493b73-2ab3-42ff-bc01-123ed87dc4ee,testis.fm,available,88.99,88.99,medium,low,6,namesilo,,,21/09/2026 22:59
0d497ebd-c10f-4d98-8acb-2543a8b6a03f,lcd.fm,available,87.85,87.85,high,low,3,porkbun,,,30/09/2026 02:27
9cb2b61d-563f-44fe-92df-4eedc404cd83,syracuse.fm,available,85,85,high,low,8,cloudflare,,,29/09/2026 20:20
a5513301-48fd-4f50-83b6-bb9c1ab06248,blenheim.fm,available,88.99,88.99,medium,low,8,namesilo,,,24/09/2026 05:52
c0af18fb-7e6a-4fd9-a501-0dca94a0c977,malpractice.fm,available,88.99,88.99,medium,low,11,namesilo,,,01/10/2026 15:32
98532841-22d1-4d50-a7b6-ef9c4fb23b6d,americium.fm,available,88.99,88.99,medium,low,9,namesilo,,,18/09/2026 15:35
a2e1a4a9-4d5a-4dd5-a05c-e7d3f7dfa76a,ceremonies.fm,available,69.98,118.98,medium,low,10,namecheap,,,29/09/2026 10:36
a2750418-cd96-4cc9-a495-65a5224c1ffa,abi.fm,premium,249.6,102,high,low,3,namesilo,,,29/09/2026 03:38
d7fc1038-0696-4c16-9a26-b5a25b4b8737,marguerite.fm,available,88.99,88.99,high,low,10,namesilo,,,20/09/2026 04:58
fd70b323-2fdc-4cc8-8b7d-3a31cb247a25,escalate.fm,available,88.99,88.99,high,low,8,namesilo,,,02/10/2026 06:44
feed7831-ce11-4eaa-9cb0-73f1289126d7,unbarred.fm,available,69.98,118.98,medium,low,8,namecheap,,,12/09/2026 01:34
a5f625c3-c359-4012-9edd-65a76afbfa94,overcame.fm,available,67.98,87.72,medium,low,8,spaceship,,,02/10/2026 11:16
9a529677-fce3-483d-ba9e-3ab8fd5867ac,murphy.fm,premium,253.5,110.5,high,low,6,namecheap,,,25/09/2026 07:49
5d09e1ba-03a4-4ffd-acde-21fecc5da2e8,poets.fm,available,67.98,87.72,medium,low,5,spaceship,,,28/09/2026 22:26
2742545f-d86e-4cbd-b901-ae48b7e967c6,bothersome.fm,available,,,medium,low,10,,,,
4ceb1038-fd13-4a02-85f5-165807dbb5d0,analects.fm,available,99,160.99,medium,low,8,name.com,,,19/09/2026 01:48
37cc69c4-29d6-4151-879f-ca734a4e4dff,completed.fm,available,88.99,88.99,high,low,9,namesilo,,,23/09/2026 17:22
f03ced99-9a41-48fc-b261-e147dd264791,british.fm,premium,643.5,110.5,high,low,7,namecheap,,,23/09/2026 09:38
bd8715de-98e4-4c84-83bc-f9660b42144f,stevenage.fm,available,85,85,medium,low,9,cloudflare,,,03/10/2026 04:39
36b71cd4-d5e9-49af-a164-9800e1e1993c,bureaucratic.fm,available,67.98,87.72,medium,low,12,spaceship,,,30/09/2026 19:59
b854f271-eaf9-4bb2-87f1-03e29458c5e9,tokyo.fm,premium,38993.5,110.5,high,low,5,namecheap,,,24/09/2026 12:18
0f144fdf-9505-467f-bc1d-e50e477c716b,chestnuts.fm,available,69.98,118.98,medium,low,9,namecheap,,,20/09/2026 20:45
f5c175d0-9ff3-4d2d-af77-29d7c785741d,monied.fm,available,69.98,118.98,medium,low,6,namecheap,,,25/08/2026 04:39
96d6269d-6482-424a-a0d8-a941533a1e6c,bargaining.fm,available,88.99,88.99,high,low,10,namesilo,,,22/09/2026 05:36
aeddd18a-94c5-40d5-96c0-50b6682066e2,babies.fm,available,88.99,88.99,high,low,6,namesilo,,,
2bec5f53-8c92-44db-b2bd-b2fa8081250c,decorating.fm,available,67.98,87.72,high,low,10,spaceship,,,30/09/2026 04:09
53506d75-ab1e-49a1-ab18-9bc97c61e427,collier.fm,available,85,85,medium,low,7,cloudflare,,,02/10/2026 04:24
50549e68-c15e-43f1-aaae-9a9ed2655157,asshole.fm,available,69.98,118.98,medium,low,7,namecheap,,,08/08/2026 23:24
a55d4929-9161-433d-baac-0d6b9e81b0b5,bhutani.fm,available,69.98,118.98,medium,low,7,namecheap,,,09/08/2026 18:26
e84a6acc-de8b-4f33-a156-cc0eb4803782,processed.fm,available,67.98,87.72,high,low,9,spaceship,,,02/10/2026 12:47
d600ec14-e259-41e0-9b13-8880bea5546a,tocsin.fm,available,99,160.99,medium,low,6,name.com,,,18/09/2026 01:57
41694ac2-a009-4ec4-9cf7-ef592d748a7c,bicolor.fm,available,69.98,118.98,high,low,7,namecheap,,,09/08/2026 19:11
c240ad68-396d-4b5b-917e-9aae3ab51474,monks.fm,available,88.99,88.99,medium,low,5,namesilo,,,28/09/2026 21:40
a609272d-5078-4210-9594-1cdcfa9529a5,propranolol.fm,available,88.99,88.99,medium,low,11,namesilo,,,20/09/2026 00:29
e53ed695-ac56-4761-ac1b-f3e8c8d97df1,nay.fm,premium,249.6,102,medium,low,3,namesilo,,,15/09/2026 16:14
fa8fd8db-a02a-4d2d-a8a8-548eb8860c24,guttural.fm,available,69.98,118.98,medium,low,8,namecheap,,,13/08/2026 07:31
6fd8073d-d7b2-4d65-bdc1-93ce5c242385,coolest.fm,available,85,85,high,low,7,cloudflare,,,02/10/2026 13:53
16a4617e-3112-4e41-8349-26fdaf0f42aa,ojibwe.fm,available,88.99,88.99,medium,low,6,namesilo,,,02/10/2026 08:24
a868c39d-8dd8-4745-8367-c3e6ebeb86f0,janus.fm,premium,249.6,102,high,medium,5,namesilo,,,02/10/2026 05:28
21a7f7c2-9dad-40dc-b890-7f17ba57358c,aeriferous.fm,available,69.98,118.98,high,low,10,namecheap,,,
218ea15a-9836-454d-b5ea-0c41dbaff8a5,waiter.fm,available,88.99,88.99,high,low,6,namesilo,,,30/09/2026 10:59
b4d03894-c6a3-447f-bd34-2a695b232787,residual.fm,available,69.98,118.98,high,low,8,namecheap,,,09/09/2026 14:59
a259464b-afbf-4dd8-baf7-4d2b27a7c419,grandkids.fm,available,69.98,118.98,medium,low,9,namecheap,,,19/09/2026 23:28
74f78b32-f90e-4dca-a498-0bfe79641cc6,delimited.fm,available,69.98,118.98,medium,low,9,namecheap,,,10/08/2026 21:54
dd666bcd-5c65-4e47-a579-111fbb54c00b,lightsome.fm,available,69.98,118.98,high,low,9,namecheap,,,10/08/2026 14:41
b86a7c22-0eb7-4934-9f0e-3dc40f95a8e2,aristocratic.fm,available,85,85,medium,low,12,cloudflare,,,29/09/2026 20:55
89bb734f-a615-468e-8682-3a5d02cdcab9,dormant.fm,available,69.98,118.98,high,low,7,namecheap,,,
6a4954ac-eb85-414e-9fb4-bf378d10d03c,shrinkable.fm,available,69.98,118.98,high,medium,10,namecheap,,,10/09/2026 06:57
b668eeef-9b6d-4cec-9652-a876db38a4ff,affected.fm,available,69.98,118.98,high,low,8,namecheap,,,
6bade4a0-4480-460e-b75f-fdfc5624d8cd,extravert.fm,available,69.98,118.98,high,low,9,namecheap,,,17/08/2026 19:28
3b7879a9-f802-4d97-835f-f1b947b8fca9,allis.fm,available,88.99,88.99,medium,low,5,namesilo,,,18/09/2026 11:06
46bd3c27-1c7a-4059-9b16-110abd7be008,wanamaker.fm,available,88.99,88.99,medium,low,9,namesilo,,,02/10/2026 15:52
fe846e4c-8806-469d-96d8-6d1bd13e7f55,sopranino.fm,available,69.98,118.98,high,low,9,namecheap,,,10/09/2026 14:22
22a9daec-d9a0-4474-b079-3f6f4a46ffec,desirous.fm,available,69.98,118.98,medium,low,8,namecheap,,,14/08/2026 03:49
60713535-f1e0-49e7-8b07-2fad0d3dac13,howe.fm,available,88.99,88.99,high,low,4,namesilo,,,30/09/2026 17:09
d5e9a271-52ab-4502-bd09-c8c2780bc637,subaquatic.fm,available,69.98,118.98,medium,low,10,namecheap,,,10/09/2026 23:28
64364c62-4d36-4f16-84a5-6c544c79bfa2,ungentle.fm,available,69.98,118.98,medium,low,8,namecheap,,,12/09/2026 11:11
a6bc1dbc-239c-4941-a32e-61e106f1ff7c,heidelberg.fm,premium,249.6,102,high,low,10,namesilo,,,25/09/2026 16:09
a3f4b18b-28db-4d4d-92f5-4fc7be015e93,furman.fm,available,88.99,88.99,medium,low,6,namesilo,,,29/09/2026 04:35
6f29cd8f-c6ae-4d02-a4b3-390d32735751,pathogen.fm,available,69.98,118.98,medium,low,8,namecheap,,,02/10/2026 06:01
529268d9-aec4-4630-8ce4-3dd344076503,pontiac.fm,available,85,85,high,low,7,cloudflare,,,01/10/2026 03:20
c115e78b-dd7c-4ebb-b716-1383166d18b0,ergotic.fm,available,69.98,118.98,medium,low,7,namecheap,,,17/08/2026 12:13
ae6c7996-5352-45a2-bde3-31bd7778afe0,battleship.fm,available,88.99,88.99,high,low,10,namesilo,,,22/09/2026 16:29
656ad41d-8726-450c-8a66-443b91ee2602,breezily.fm,available,69.98,118.98,high,low,8,namecheap,,,14/09/2026 01:28
550fe3ea-bcb1-4d51-bead-08b36fe0b333,inexpensive.fm,available,85,85,high,low,11,cloudflare,,,01/10/2026 01:44
809f0a39-a229-487a-9bf6-6cce57614427,slurred.fm,available,69.98,118.98,medium,low,7,namecheap,,,10/09/2026 11:42
4c161adc-463a-4044-912b-e2c6de73852a,scratching.fm,available,67.98,87.72,high,low,10,spaceship,,,29/09/2026 20:18
c0fe8c48-3846-499f-b83c-0f3ffef4c4f5,selves.fm,available,67.98,87.72,low,low,6,spaceship,,,02/10/2026 21:25
c2c2ac7e-41ca-470c-b972-6a22cf392a0a,tingling.fm,available,69.98,118.98,high,low,8,namecheap,,,11/09/2026 15:29
8daa0ccc-cdfb-4099-b7b3-4b70dbb2bb63,myotonic.fm,available,69.98,118.98,medium,low,8,namecheap,,,03/09/2026 12:15
00b5429b-2084-4913-afe2-814bb0201170,verily.fm,available,99,160.99,medium,low,6,name.com,,,16/09/2026 10:51
ef2ab71f-5ae2-427b-bb39-60252cdb02f1,bremer.fm,available,88.99,88.99,high,low,6,namesilo,,,30/09/2026 04:16
ff8dfd87-fbfe-4275-bcbc-5d7f71091dc0,baedeker.fm,available,69.98,118.98,medium,low,8,namecheap,,,21/09/2026 17:22
4f672672-ffdd-4a45-9974-2c51dc6f91fe,spoilt.fm,available,69.98,118.98,medium,low,6,namecheap,,,10/08/2026 14:19
b7cbf5eb-76db-4872-8381-834866c81c80,demise.fm,available,69.98,118.98,medium,low,6,namecheap,,,14/08/2026 21:56
c59c6ab0-9912-4e61-b35a-2639860707eb,bedroom.fm,premium,249.6,102,high,low,7,namesilo,,,22/09/2026 23:08
d0badaaa-9e72-415d-a0ea-46638bec50df,strait.fm,available,69.98,118.98,medium,low,6,namecheap,,,10/09/2026 21:53
113d461f-e9a2-4ef1-a439-2f50c864dd02,liveable.fm,available,69.98,118.98,medium,low,8,namecheap,,,24/08/2026 07:44
8effd89f-760a-4c26-b818-eaa288eaa4cd,sharpen.fm,available,88.99,88.99,high,low,7,namesilo,,,03/10/2026 02:36
2da1cb09-b7d3-4dcf-834a-4fa5405befac,attributes.fm,available,85,85,medium,low,10,cloudflare,,,01/10/2026 00:07
1b16c267-105a-40c1-bc36-288c3511750e,scalar.fm,available,69.98,118.98,high,low,6,namecheap,,,09/09/2026 22:16
27d7f3d1-17e6-4b0d-9880-92bc14fd09c8,newberry.fm,available,85,85,medium,low,8,cloudflare,,,28/09/2026 21:39
de0770d6-0219-4658-9763-972c17a33285,raping.fm,available,67.98,87.72,medium,low,6,spaceship,,,02/10/2026 04:05
a6510a71-71a3-4b8a-b1dd-2ab281c6a5a0,publicist.fm,available,88.99,88.99,high,low,9,namesilo,,,30/09/2026 10:55
c45bd394-81b5-4f5e-b318-880fc7ff4746,ruthenium.fm,available,88.99,88.99,medium,low,9,namesilo,,,20/09/2026 23:08
42f11fea-62f3-417b-bd3e-521f9c02ac7c,hemp.fm,available,88.99,88.99,high,low,4,namesilo,,,24/09/2026 12:04
5c823592-759b-4d02-a7b4-35039ffc6687,irritated.fm,available,69.98,118.98,medium,low,9,namecheap,,,
7f6cfdc8-4b59-4ad9-8bb8-5ebbf18b55e4,shameful.fm,available,69.98,118.98,medium,low,8,namecheap,,,14/08/2026 10:28
f477162f-4670-4cf3-aad3-711497085cb6,regent.fm,available,69.98,118.98,high,medium,6,namecheap,,,09/09/2026 12:52
f3eeeffb-2ce2-49c3-9e40-05a7d436f2ac,manly.fm,available,69.98,118.98,high,low,5,namecheap,,,24/08/2026 14:44
f45b0431-534e-472a-b891-e646e3cfdd30,flavored.fm,available,88.99,88.99,high,low,8,namesilo,,,03/10/2026 03:19
19baac68-1e46-416a-9a7f-e86e2312f165,lima.fm,premium,201.83,87.98,high,low,4,spaceship,,,02/10/2026 23:50
be894c67-b2ef-43b9-9144-97f6d20a6b25,trading.fm,resell,,,high,low,7,Instra Corporation Pty Ltd.,03/08/2012 23:59,03/08/2027 23:59,30/09/2026 13:44
cca2cf3e-3377-4f0f-be1f-ca24bde98d7f,anthidium.fm,available,69.98,118.98,medium,low,9,namecheap,,,19/09/2026 13:22
bff35177-cba4-4e8d-8dce-be616d99361b,postmortem.fm,available,69.98,118.98,medium,low,10,namecheap,,,09/09/2026 00:31
9df348c5-ceb8-44b3-87af-64e9d03ecf91,mainstay.fm,available,88.99,88.99,high,low,8,namesilo,,,21/09/2026 15:13
7262eb37-3513-4d8b-8835-7ac096f3bc38,basque.fm,available,88.99,88.99,medium,low,6,namesilo,,,22/09/2026 11:41
78d22000-4208-48fa-b2a0-cfe394cabf6e,theocratic.fm,available,69.98,118.98,medium,low,10,namecheap,,,11/09/2026 12:52
3e340695-a7e9-415e-a4f0-2cf0ced29795,asp.fm,premium,1273.6,102,high,low,3,namesilo,,,20/09/2026 14:30
1b55a774-04ed-4693-940a-48827e3b53e0,appreciation.fm,available,88.99,88.99,high,low,12,namesilo,,,25/09/2026 03:02
a3c36fd1-6d14-41e6-8d27-88402f1516c1,digestive.fm,available,69.98,118.98,high,low,9,namecheap,,,24/08/2026 15:24
21a509ca-7b47-4ab8-9a82-9a702a17a0df,happening.fm,available,88.99,88.99,high,low,9,namesilo,,,25/09/2026 23:54
5977d376-e2fd-4d80-ba53-8c3d2f1a3f45,alarmed.fm,available,69.98,118.98,medium,low,7,namecheap,,,
589b44cc-e231-4fc9-bdce-a8ac7075c700,liars.fm,available,67.98,87.72,medium,low,5,spaceship,,,01/10/2026 17:54
8cc82b04-513b-40e2-a953-3ff8fc75348f,temper.fm,available,88.99,88.99,high,low,6,namesilo,,,27/09/2026 04:28
247a5018-b127-4969-b812-fec6269e2e26,defeats.fm,available,67.98,87.72,low,low,7,spaceship,,,30/09/2026 15:35
d8ad2603-2d5b-45db-b4e4-d30efdffc6ad,gaylord.fm,available,87.85,87.85,high,low,7,porkbun,,,29/09/2026 03:38
dd233cc3-0590-477d-b0a2-e81fd80c0def,jubilee.fm,available,68.25,89.25,high,low,7,dynadot,,,30/09/2026 17:45
a9c2213c-2dce-4680-9c87-923785aedba2,downriver.fm,available,69.98,118.98,high,low,9,namecheap,,,14/08/2026 18:01
438818b9-202f-4845-aff5-1e1ee114b036,decca.fm,available,69.98,118.98,high,low,5,namecheap,,,28/09/2026 21:44
612bdb6e-e8e1-41f6-8f85-1bd0c3b09ec5,eyeshadow.fm,available,69.98,118.98,high,low,10,namecheap,,,
c9179a34-4b38-46ed-99ba-86c3404437cb,anile.fm,available,69.98,118.98,medium,low,5,namecheap,,,
fe150ed9-f99f-4312-b8a1-24bfff1904c9,operable.fm,available,69.98,118.98,medium,low,8,namecheap,,,04/09/2026 16:20
a269413f-f383-47a3-97c6-b14e17c5ae94,virtuoso.fm,available,88.99,88.99,high,low,8,namesilo,,,21/09/2026 17:38
80d0f116-3e4b-4060-a4a4-6b090cbc772d,ambitions.fm,available,88.99,88.99,medium,low,9,namesilo,,,20/09/2026 04:21
7d00b131-c2c9-4a66-9e6f-5369ec288759,chains.fm,available,88.99,88.99,high,low,6,namesilo,,,27/09/2026 12:26
4841652b-c910-4cea-8782-164d1a61cf7a,muhammad.fm,available,69.98,118.98,medium,low,8,namecheap,,,28/09/2026 13:59
4b78c7e5-588a-4a32-8b54-dfa6d138241a,privacy.fm,resell,,,high,medium,7,Instra Corporation Pty Ltd.,20/06/2013 23:59,20/06/2027 23:59,26/09/2026 08:20
ce1cd63e-826a-47a1-98c4-f2fbedb3c7c7,arrack.fm,available,88.99,88.99,medium,low,6,namesilo,,,19/09/2026 23:47
5978d144-2ee6-4857-8d9d-33f3da718fa3,punched.fm,available,69.98,118.98,medium,low,7,namecheap,,,19/09/2026 01:53
33d72331-01d0-4db2-ad88-b0a6766640b7,coloured.fm,available,69.98,118.98,high,low,8,namecheap,,,22/09/2026 20:29
1620b025-afd9-448a-82cc-d0dc2bf8c27c,boasting.fm,available,88.99,88.99,medium,low,8,namesilo,,,02/10/2026 04:07
5e06fb1e-29bd-4929-9026-0e094530f95a,candidacy.fm,available,88.99,88.99,high,low,9,namesilo,,,29/09/2026 06:17
4b3ed1a0-f556-4f58-ad99-d626429f7bc5,sentiment.fm,available,67.98,87.72,high,low,9,spaceship,,,28/09/2026 15:00
a42947f4-5519-48b2-9586-9bd800ee784d,steals.fm,available,88.99,88.99,medium,low,6,namesilo,,,28/09/2026 23:24
8ffc9e6c-41f8-4dfa-99a3-90f88f5ffbb7,validating.fm,available,69.98,118.98,high,low,10,namecheap,,,12/08/2026 20:53
51be48ef-fddd-44d7-845c-d0f84c4e70e0,heighten.fm,available,69.98,118.98,high,low,8,namecheap,,,12/08/2026 19:31
5489dcc5-3e32-4eb8-9f98-5237465ab48e,garde.fm,available,88.99,88.99,high,low,5,namesilo,,,01/10/2026 22:37
c275d07d-a7bd-41c1-9cbc-163a67346443,headquarters.fm,available,88.99,88.99,high,low,12,namesilo,,,27/09/2026 02:02
71b4a233-f5f8-4dbe-b34b-4a70cd5da530,sloped.fm,available,69.98,118.98,medium,low,6,namecheap,,,07/08/2026 04:26
a5110d0b-9af9-4a79-bd31-7e53d4b001e4,billionaire.fm,premium,377.6,102,high,low,11,namesilo,,,30/09/2026 03:33
80c78a21-ef7a-4969-bc62-a224661e7446,principals.fm,available,69.98,118.98,medium,low,10,namecheap,,,01/10/2026 17:16
5433497c-c92f-4610-92d4-ff64a2f300ec,ballpark.fm,available,99,160.99,high,low,8,name.com,,,19/09/2026 22:25
52f6edff-c85e-459c-82ac-187351bcc860,ebert.fm,available,69.98,118.98,medium,low,5,namecheap,,,28/09/2026 08:02
9da76b63-fabd-4152-8925-2f91d9ea443e,suny.fm,available,67.98,87.72,medium,low,4,spaceship,,,28/09/2026 16:53
034aba7c-3daf-467f-90a6-59732b32a1a9,wharf.fm,available,88.99,88.99,high,low,5,namesilo,,,30/09/2026 06:43
fe70db48-bb51-4d7b-9122-5ef498e1aa7f,alienism.fm,available,99,160.99,medium,low,8,name.com,,,18/09/2026 07:34
4caceb97-01c8-4656-b5af-1c29145bc4ba,waitress.fm,available,88.99,88.99,high,low,8,namesilo,,,27/09/2026 16:14
6349058c-2381-4eb2-a5c6-dcf85201cc32,sororal.fm,available,69.98,118.98,medium,low,7,namecheap,,,10/09/2026 08:56
d1bbe5ff-1d65-490e-a7ba-7be1a4674641,azt.fm,available,88.99,88.99,high,low,3,namesilo,,,21/09/2026 11:33
69d861b3-3b98-4d37-8f0b-54627552adb7,mandal.fm,available,85,85,medium,low,6,cloudflare,,,30/09/2026 20:27
bf8f3739-5d4b-48ed-a099-93ff5c651794,credendum.fm,available,88.99,88.99,medium,low,9,namesilo,,,20/09/2026 11:13
6a2e5ce6-eede-4580-8697-257593eb3ae5,hancock.fm,available,88.99,88.99,high,low,7,namesilo,,,25/09/2026 06:51